career_id,skill,onet_importance,onet_level_0_7,onet_required,handset_required
software_engineer,digital_literacy,4.68,5.58,5,5
software_engineer,communication,3.58,3.87,4,3
software_engineer,problem_solving,3.87,4.24,4,5
software_engineer,leadership,2.09,1.96,2,2
software_engineer,teamwork,2.92,2.79,3,4
software_engineer,research,3.88,4.29,4,3
software_engineer,data_analysis,3.72,4.41,4,3
software_engineer,documentation,3.51,3.8,4,4
software_engineer,creativity,3.57,4.15,4,3
data_analyst,digital_literacy,4.48,5.14,4,4
data_analyst,communication,4.0,4.41,4,4
data_analyst,problem_solving,3.69,4.2,4,4
data_analyst,leadership,2.51,2.94,3,2
data_analyst,teamwork,3.11,3.55,3,3
data_analyst,research,4.14,4.96,4,4
data_analyst,data_analysis,4.17,5.09,4,5
data_analyst,documentation,3.75,4.02,4,3
data_analyst,creativity,3.42,4.06,3,3
business_analyst,digital_literacy,4.34,5.11,4,3
business_analyst,communication,4.12,4.42,4,5
business_analyst,problem_solving,4.08,4.44,4,4
business_analyst,leadership,2.94,3.34,3,3
business_analyst,teamwork,3.71,4.1,4,4
business_analyst,research,4.14,4.75,4,4
business_analyst,data_analysis,3.75,4.37,4,4
business_analyst,documentation,3.73,4.05,4,5
business_analyst,creativity,3.54,4.24,4,3
ui_ux_designer,digital_literacy,4.6,4.95,5,4
ui_ux_designer,communication,3.66,3.8,4,4
ui_ux_designer,problem_solving,3.7,3.98,4,3
ui_ux_designer,leadership,2.72,3.14,3,2
ui_ux_designer,teamwork,3.38,3.67,3,4
ui_ux_designer,research,4.02,4.39,4,4
ui_ux_designer,data_analysis,3.02,3.4,3,2
ui_ux_designer,documentation,3.24,3.34,3,3
ui_ux_designer,creativity,3.92,4.47,4,5
qa_engineer,digital_literacy,4.68,5.26,5,4
qa_engineer,communication,4.07,4.37,4,3
qa_engineer,problem_solving,3.7,3.85,4,4
qa_engineer,leadership,2.83,3.19,3,2
qa_engineer,teamwork,3.48,3.85,3,4
qa_engineer,research,4.04,4.55,4,3
qa_engineer,data_analysis,3.67,4.29,4,3
qa_engineer,documentation,3.9,4.09,4,5
qa_engineer,creativity,3.28,3.69,3,3
cybersecurity_analyst,digital_literacy,4.53,5.62,5,5
cybersecurity_analyst,communication,3.79,4.3,4,3
cybersecurity_analyst,problem_solving,3.86,4.12,4,5
cybersecurity_analyst,leadership,2.72,2.99,3,2
cybersecurity_analyst,teamwork,3.09,3.51,3,3
cybersecurity_analyst,research,3.93,4.77,4,4
cybersecurity_analyst,data_analysis,3.32,3.99,3,4
cybersecurity_analyst,documentation,3.8,4.08,4,4
cybersecurity_analyst,creativity,3.19,3.9,3,3
network_engineer,digital_literacy,4.8,6.17,5,5
network_engineer,communication,3.68,4.19,4,3
network_engineer,problem_solving,4.0,4.27,4,4
network_engineer,leadership,2.73,3.12,3,2
network_engineer,teamwork,2.99,3.52,3,4
network_engineer,research,3.91,4.67,4,3
network_engineer,data_analysis,3.42,4.04,3,3
network_engineer,documentation,3.59,3.93,4,4
network_engineer,creativity,3.25,3.97,3,2
database_administrator,digital_literacy,4.81,6.03,5,5
database_administrator,communication,3.66,4.24,4,3
database_administrator,problem_solving,3.98,4.5,4,4
database_administrator,leadership,2.65,3.25,3,2
database_administrator,teamwork,3.25,3.92,3,3
database_administrator,research,3.77,4.6,4,3
database_administrator,data_analysis,3.62,4.61,4,4
database_administrator,documentation,3.41,4.13,3,4
database_administrator,creativity,3.28,4.04,3,2
project_manager,digital_literacy,4.36,5.34,4,3
project_manager,communication,4.19,4.6,4,5
project_manager,problem_solving,3.97,4.52,4,4
project_manager,leadership,4.34,5.19,4,5
project_manager,teamwork,4.25,5.1,4,5
project_manager,research,4.15,4.83,4,3
project_manager,data_analysis,3.58,4.34,4,3
project_manager,documentation,4.06,4.32,4,4
project_manager,creativity,3.54,4.06,4,3
digital_marketing_executive,digital_literacy,4.24,4.37,4,4
digital_marketing_executive,communication,3.92,4.26,4,5
digital_marketing_executive,problem_solving,4.11,4.36,4,3
digital_marketing_executive,leadership,2.95,3.59,3,3
digital_marketing_executive,teamwork,3.45,3.97,3,4
digital_marketing_executive,research,4.23,4.99,4,3
digital_marketing_executive,data_analysis,4.01,4.7,4,4
digital_marketing_executive,documentation,3.78,4.01,4,3
digital_marketing_executive,creativity,3.83,4.16,4,5
