student_id,age,height_cm,weight_kg,bmi,sleep_hours,sleep_deficit,study_hours_per_week,job_hours_per_week,weekly_task_count,workload_intensity_score,stress_score,burnout_score,exercise_frequency_per_week,available_minutes_per_day,motivation_score,wellbeing_goal,activity_level,physical_limitations,equipment_access,nutrition_goal,meal_preference,dietary_preference,meal_source
STU_0001,23.0,166.0,61.0,22.14,5.0,2.5,15.0,0.0,5.0,37.5,3.0,3.0,2.0,15.0,4.0,"Improve overall fitness, Increase physical activity, Improve strength, Improve flexibility / mobility, Manage body weight, Improve sleep, Maintain current wellbeing",Lightly active,No limitations,"Outdoor walking / running area, Gym / fitness centre","Maintain healthy eating, Manage body weight, Improve nutritional quality, Increase protein intake, Increase fruit and vegetable intake",Combination of both,No specific preference,Combination
STU_0002,23.0,153.0,62.0,26.49,8.0,0.0,15.0,0.0,5.0,37.5,3.0,3.0,3.0,15.0,5.0,"Improve overall fitness, Increase physical activity, Improve strength, Manage body weight",Moderately active,No limitations,"Outdoor walking / running area, Exercise mat, Dumbbells / weights, Gym / fitness centre","Maintain healthy eating, Manage body weight",Sri Lankan meals,No specific preference,Cook at home
STU_0003,22.0,5.0,49.0,19600.0,8.0,0.0,15.0,0.0,5.0,37.5,3.0,3.0,2.0,15.0,2.0,"Improve overall fitness, Increase physical activity, Improve strength, Improve flexibility / mobility, Manage body weight, Maintain current wellbeing",Lightly active,Prefer not to say,"No equipment, Outdoor walking / running area, Exercise mat, Gym / fitness centre","Maintain healthy eating, Manage body weight, Improve nutritional quality, Increase protein intake, Increase fruit and vegetable intake, Support fitness",Combination of both,No specific preference,Cook at home
STU_0004,90.0,100.0,60.0,60.0,7.0,0.5,15.0,0.0,5.0,37.5,3.0,3.0,2.0,31.0,4.0,Increase physical activity,Very inactive,No limitations,"No equipment, Outdoor walking / running area",Manage body weight,Sri Lankan meals,Vegan,University cafeteria / canteen
STU_0005,23.0,157.0,54.0,21.91,5.0,2.5,15.0,0.0,5.0,37.5,3.0,3.0,1.0,15.0,4.0,Improve overall fitness,Moderately active,No limitations,No equipment,"Maintain healthy eating, Manage body weight, Improve nutritional quality, Increase protein intake, Increase fruit and vegetable intake, Support fitness",Combination of both,Non Vegetraian,Cook at home
STU_0006,23.0,168.0,69.0,24.45,7.0,0.5,15.0,0.0,5.0,37.5,3.0,3.0,0.0,15.0,3.0,"Improve overall fitness, Manage body weight, Improve sleep",Lightly active,No limitations,"No equipment, Outdoor walking / running area","Maintain healthy eating, Manage body weight, Improve nutritional quality",Sri Lankan meals,Non Vegetraian,University cafeteria / canteen
STU_0007,28.0,168.0,64.0,22.68,7.0,0.5,15.0,0.0,5.0,37.5,3.0,3.0,3.0,15.0,5.0,"Improve overall fitness, Increase physical activity, Improve strength, Improve sleep, Maintain current wellbeing",Moderately active,No limitations,Outdoor walking / running area,Maintain healthy eating,Combination of both,No specific preference,Cook at home
STU_0008,24.0,172.0,68.0,22.99,6.0,1.5,15.0,0.0,5.0,37.5,3.0,3.0,2.0,15.0,1.0,Manage body weight,Highly active,Prefer not to say,No equipment,"Maintain healthy eating, Manage body weight",Combination of both,Non Vegetraian,Cook at home
STU_0009,16.0,5.0,52.0,20800.0,9.0,0.0,15.0,0.0,5.0,37.5,3.0,3.0,2.0,15.0,2.0,Improve flexibility / mobility,Moderately active,No limitations,Outdoor walking / running area,"Manage body weight, Increase fruit and vegetable intake",Combination of both,Non Vegetraian,Combination
STU_0010,23.0,165.0,56.0,20.57,5.0,2.5,15.0,0.0,5.0,37.5,3.0,3.0,0.0,15.0,3.0,"Improve overall fitness, Improve sleep",Moderately active,No limitations,No equipment,Maintain healthy eating,Combination of both,Non Vegetraian,Combination
STU_0011,22.0,166.0,63.0,22.86,6.0,1.5,15.0,0.0,5.0,37.5,3.0,3.0,4.0,31.0,4.0,"Improve overall fitness, Increase physical activity, Improve strength, Improve flexibility / mobility",Lightly active,No limitations,"Outdoor walking / running area, Exercise mat, Resistance bands, Dumbbells / weights, Gym / fitness centre",Support fitness,Combination of both,No specific preference,Combination
STU_0012,23.0,159.0,45.0,17.8,4.0,3.5,15.0,0.0,5.0,37.5,3.0,3.0,0.0,15.0,5.0,Improve sleep,Very inactive,No limitations,No equipment,"Maintain healthy eating, Manage body weight",Combination of both,Non Vegetraian,Combination
STU_0013,23.0,153.0,45.0,19.22,6.0,1.5,15.0,0.0,5.0,37.5,3.0,3.0,2.0,31.0,5.0,"Improve overall fitness, Increase physical activity, Improve strength",Moderately active,No limitations,"No equipment, Sports facilities",Improve nutritional quality,Combination of both,No specific preference,Cook at home
STU_0014,22.0,162.0,62.0,23.62,6.0,1.5,15.0,0.0,5.0,37.5,3.0,3.0,4.0,60.0,4.0,"Improve overall fitness, Increase physical activity, Improve strength, Improve flexibility / mobility, Manage body weight",Lightly active,No limitations,"Exercise mat, Gym / fitness centre",Manage body weight,Sri Lankan meals,Non Vegetraian,Restaurants / takeaway
STU_0015,22.0,165.0,58.0,21.3,7.0,0.5,15.0,0.0,5.0,37.5,3.0,3.0,0.0,15.0,2.0,Improve sleep,Lightly active,No limitations,No equipment,Maintain healthy eating,Combination of both,No specific preference,Cook at home
STU_0016,22.0,164.0,64.0,23.8,6.0,1.5,15.0,0.0,5.0,37.5,3.0,3.0,0.0,15.0,3.0,Manage body weight,Moderately active,No limitations,No equipment,Support fitness,Combination of both,Non Vegetraian,University cafeteria / canteen
STU_0017,23.0,165.0,55.0,20.2,7.0,0.5,15.0,0.0,5.0,37.5,3.0,3.0,0.0,15.0,3.0,Manage body weight,Moderately active,No limitations,"Outdoor walking / running area, Exercise mat","Maintain healthy eating, Manage body weight, Increase protein intake",Sri Lankan meals,Non Vegetraian,Family-prepared meals
STU_0018,25.0,183.0,82.0,24.49,6.0,1.5,15.0,0.0,5.0,37.5,3.0,3.0,3.0,46.0,4.0,"Improve overall fitness, Increase physical activity, Improve strength, Improve flexibility / mobility, Improve sleep",Lightly active,Prefer not to say,"No equipment, Outdoor walking / running area, Sports facilities","Maintain healthy eating, Manage body weight, Improve nutritional quality, Increase protein intake, Increase fruit and vegetable intake, Support fitness",Combination of both,Non Vegetraian,Combination
STU_0019,24.0,173.0,70.0,23.39,6.0,1.5,15.0,0.0,5.0,37.5,3.0,3.0,0.0,60.0,3.0,"Improve overall fitness, Improve sleep",Lightly active,No limitations,Gym / fitness centre,"Maintain healthy eating, Improve nutritional quality, Increase protein intake, Support fitness",Combination of both,Non Vegetraian,Combination
STU_0020,23.0,164.0,60.0,22.31,6.0,1.5,15.0,0.0,5.0,37.5,3.0,3.0,0.0,31.0,5.0,"Improve overall fitness, Improve strength, Improve flexibility / mobility",Very inactive,No limitations,"Outdoor walking / running area, Gym / fitness centre","Maintain healthy eating, Improve nutritional quality",Combination of both,No specific preference,Cook at home
STU_0021,24.0,164.0,70.0,26.03,5.0,2.5,15.0,0.0,5.0,37.5,3.0,3.0,6.0,31.0,4.0,"Increase physical activity, Improve flexibility / mobility, Manage body weight",Moderately active,Yes,"Exercise mat, Dumbbells / weights","Improve nutritional quality, Increase protein intake, Increase fruit and vegetable intake",Sri Lankan meals,Non Vegetraian,University cafeteria / canteen
STU_0022,24.0,150.0,46.0,20.44,8.0,0.0,15.0,0.0,5.0,37.5,3.0,3.0,0.0,15.0,5.0,"Improve overall fitness, Increase physical activity, Improve strength, Improve flexibility / mobility, Manage body weight, Maintain current wellbeing",Very inactive,No limitations,No equipment,"Maintain healthy eating, Improve nutritional quality, Increase protein intake",Sri Lankan meals,No specific preference,Cook at home
STU_0023,23.0,156.0,59.0,24.24,7.0,0.5,15.0,0.0,5.0,37.5,3.0,3.0,2.0,46.0,3.0,Manage body weight,Lightly active,Yes,"Outdoor walking / running area, Exercise mat, Resistance bands, Dumbbells / weights, Gym / fitness centre",Manage body weight,Combination of both,Non Vegetraian,University cafeteria / canteen
STU_0024,24.0,171.0,72.0,24.62,7.0,0.5,15.0,0.0,5.0,37.5,3.0,3.0,2.0,31.0,3.0,"Improve overall fitness, Increase physical activity, Improve strength, Manage body weight, Improve sleep",Moderately active,Yes,"Exercise mat, Resistance bands, Gym / fitness centre, Sports facilities","Maintain healthy eating, Manage body weight",Sri Lankan meals,No specific preference,Cook at home
STU_0025,25.0,120.0,48.0,33.33,6.0,1.5,15.0,0.0,5.0,37.5,3.0,3.0,3.0,15.0,3.0,"Increase physical activity, Manage body weight",Moderately active,Yes,"Outdoor walking / running area, Resistance bands",Maintain healthy eating,Sri Lankan meals,Non Vegetraian,Restaurants / takeaway
STU_0026,22.0,165.0,80.0,29.38,6.0,1.5,15.0,0.0,5.0,37.5,3.0,3.0,3.0,15.0,3.0,Improve strength,Lightly active,No limitations,Outdoor walking / running area,Manage body weight,Combination of both,No specific preference,Cook at home
STU_0027,23.0,178.0,70.0,22.09,6.0,1.5,15.0,0.0,5.0,37.5,3.0,3.0,2.0,15.0,3.0,Improve flexibility / mobility,Lightly active,No limitations,Outdoor walking / running area,Increase protein intake,Sri Lankan meals,Non Vegetraian,Restaurants / takeaway
STU_0028,22.0,163.0,63.0,23.71,5.0,2.5,15.0,0.0,5.0,37.5,3.0,3.0,1.0,31.0,3.0,"Increase physical activity, Improve flexibility / mobility, Manage body weight",Lightly active,No limitations,"Outdoor walking / running area, Gym / fitness centre","Maintain healthy eating, Manage body weight",Combination of both,Non Vegetraian,Combination
STU_0029,29.0,180.0,50.0,15.43,8.0,0.0,15.0,0.0,5.0,37.5,3.0,3.0,0.0,31.0,3.0,"Improve strength, Improve sleep",Lightly active,No limitations,"Exercise mat, Dumbbells / weights","Improve nutritional quality, Support fitness",Sri Lankan meals,No specific preference,Family-prepared meals
STU_0030,20.0,165.0,60.0,22.04,6.0,1.5,15.0,0.0,5.0,37.5,3.0,3.0,3.0,31.0,3.0,"Improve overall fitness, Increase physical activity, Improve strength",Lightly active,No limitations,"No equipment, Outdoor walking / running area, Dumbbells / weights","Maintain healthy eating, Manage body weight, Improve nutritional quality",Combination of both,No specific preference,Combination
STU_0031,26.0,160.0,60.0,23.44,6.0,1.5,15.0,0.0,5.0,37.5,3.0,3.0,4.0,31.0,2.0,Improve flexibility / mobility,Moderately active,Yes,Resistance bands,"Manage body weight, Increase protein intake",International meals,Non Vegetraian,Combination
STU_0032,22.0,150.0,50.0,22.22,12.0,0.0,15.0,0.0,5.0,37.5,3.0,3.0,7.0,15.0,4.0,Manage body weight,Lightly active,No limitations,"No equipment, Resistance bands",Maintain healthy eating,Sri Lankan meals,Vegetarian,Family-prepared meals
STU_0033,23.0,159.0,78.0,30.85,7.0,0.5,15.0,0.0,5.0,37.5,3.0,3.0,0.0,46.0,1.0,Improve overall fitness,Very inactive,No limitations,Gym / fitness centre,"Maintain healthy eating, Manage body weight, Support fitness",Combination of both,No specific preference,University cafeteria / canteen
STU_0034,22.0,104.0,50.0,46.23,2.0,5.5,15.0,0.0,5.0,37.5,3.0,3.0,7.0,46.0,4.0,"Improve strength, Manage body weight",Highly active,Prefer not to say,"Dumbbells / weights, Sports facilities","Increase protein intake, Support fitness",Sri Lankan meals,Non Vegetraian,Combination
STU_0035,24.0,150.0,55.0,24.44,5.0,2.5,15.0,0.0,5.0,37.5,3.0,3.0,5.0,15.0,2.0,"Improve strength, Manage body weight",Highly active,No limitations,Sports facilities,"Improve nutritional quality, Support fitness",Sri Lankan meals,Non Vegetraian,Combination
STU_0036,22.0,180.0,70.0,21.6,7.0,0.5,15.0,0.0,5.0,37.5,3.0,3.0,1.0,15.0,5.0,"Improve overall fitness, Increase physical activity, Improve strength, Improve flexibility / mobility, Improve sleep, Sports",Lightly active,No limitations,"Outdoor walking / running area, Dumbbells / weights","Maintain healthy eating, Improve nutritional quality, Increase protein intake, Increase fruit and vegetable intake",Sri Lankan meals,No specific preference,Combination
STU_0037,22.0,150.0,50.0,22.22,4.0,3.5,15.0,0.0,5.0,37.5,3.0,3.0,7.0,31.0,3.0,Improve flexibility / mobility,Lightly active,Yes,Resistance bands,Maintain healthy eating,International meals,Non Vegetraian,Cook at home
STU_0038,27.0,140.0,60.0,30.61,6.0,1.5,15.0,0.0,5.0,37.5,3.0,3.0,0.0,15.0,2.0,Improve overall fitness,Moderately active,No limitations,Outdoor walking / running area,Manage body weight,International meals,Non Vegetraian,Cook at home
STU_0039,30.0,150.0,62.0,27.56,10.0,0.0,15.0,0.0,5.0,37.5,3.0,3.0,0.0,15.0,5.0,Manage body weight,Moderately active,No limitations,No equipment,Increase protein intake,Sri Lankan meals,Non Vegetraian,Family-prepared meals
STU_0040,60.0,140.0,60.0,30.61,6.0,1.5,15.0,0.0,5.0,37.5,3.0,3.0,1.0,15.0,4.0,"Improve sleep, Maintain current wellbeing",Very active,No limitations,Outdoor walking / running area,Maintain healthy eating,International meals,Vegetarian,Restaurants / takeaway
STU_0041,23.0,165.0,70.0,25.71,5.0,2.5,15.0,0.0,5.0,37.5,3.0,3.0,2.0,15.0,5.0,"Improve overall fitness, Increase physical activity, Improve strength, Improve flexibility / mobility, Manage body weight, Improve sleep",Moderately active,No limitations,"Outdoor walking / running area, Exercise mat, Dumbbells / weights, Sports facilities","Maintain healthy eating, Manage body weight, Increase protein intake",Combination of both,Non Vegetraian,Cook at home
STU_0042,22.0,160.0,63.0,24.61,4.0,3.5,15.0,0.0,5.0,37.5,3.0,3.0,3.0,15.0,4.0,"Improve overall fitness, Increase physical activity, Improve strength",Lightly active,Prefer not to say,Outdoor walking / running area,"Maintain healthy eating, Manage body weight, Improve nutritional quality, Increase protein intake, Increase fruit and vegetable intake",Combination of both,Non Vegetraian,Combination
STU_0043,24.0,165.0,67.0,24.61,5.0,2.5,15.0,0.0,5.0,37.5,3.0,3.0,0.0,15.0,3.0,"Improve overall fitness, Increase physical activity",Very inactive,Prefer not to say,No equipment,Maintain healthy eating,Combination of both,No specific preference,Cook at home
STU_0044,26.0,168.0,59.0,20.9,6.0,1.5,15.0,0.0,5.0,37.5,3.0,3.0,3.0,46.0,4.0,Improve overall fitness,Moderately active,No limitations,"Outdoor walking / running area, Gym / fitness centre","Maintain healthy eating, Manage body weight",Combination of both,Non Vegetraian,Restaurants / takeaway
STU_0045,25.0,150.0,60.0,26.67,5.0,2.5,15.0,0.0,5.0,37.5,3.0,3.0,0.0,46.0,2.0,Improve flexibility / mobility,Lightly active,No limitations,Exercise mat,Increase protein intake,Sri Lankan meals,Non Vegetraian,University cafeteria / canteen
STU_0046,25.0,150.0,60.0,26.67,5.0,2.5,15.0,0.0,5.0,37.5,3.0,3.0,0.0,46.0,2.0,Improve flexibility / mobility,Lightly active,No limitations,Exercise mat,Increase protein intake,Sri Lankan meals,Non Vegetraian,University cafeteria / canteen
STU_0047,25.0,150.0,60.0,26.67,5.0,2.5,15.0,0.0,5.0,37.5,3.0,3.0,0.0,46.0,2.0,Improve flexibility / mobility,Lightly active,No limitations,Exercise mat,Increase protein intake,Sri Lankan meals,Non Vegetraian,University cafeteria / canteen
STU_0048,25.0,150.0,60.0,26.67,5.0,2.5,15.0,0.0,5.0,37.5,3.0,3.0,0.0,46.0,2.0,Improve flexibility / mobility,Lightly active,No limitations,Exercise mat,Increase protein intake,Sri Lankan meals,Non Vegetraian,University cafeteria / canteen
STU_0049,25.0,150.0,60.0,26.67,5.0,2.5,15.0,0.0,5.0,37.5,3.0,3.0,0.0,46.0,2.0,Improve flexibility / mobility,Lightly active,No limitations,Exercise mat,Increase protein intake,Sri Lankan meals,Non Vegetraian,University cafeteria / canteen
STU_0050,25.0,150.0,60.0,26.67,5.0,2.5,15.0,0.0,5.0,37.5,3.0,3.0,0.0,46.0,2.0,Improve flexibility / mobility,Lightly active,No limitations,Exercise mat,Increase protein intake,Sri Lankan meals,Non Vegetraian,University cafeteria / canteen
STU_0051,25.0,150.0,60.0,26.67,5.0,2.5,15.0,0.0,5.0,37.5,3.0,3.0,0.0,46.0,2.0,Improve flexibility / mobility,Lightly active,No limitations,Exercise mat,Increase protein intake,Sri Lankan meals,Non Vegetraian,University cafeteria / canteen
STU_0052,25.0,150.0,60.0,26.67,5.0,2.5,15.0,0.0,5.0,37.5,3.0,3.0,0.0,46.0,2.0,Improve flexibility / mobility,Lightly active,No limitations,Exercise mat,Increase protein intake,Sri Lankan meals,Non Vegetraian,University cafeteria / canteen
STU_0053,25.0,150.0,60.0,26.67,5.0,2.5,15.0,0.0,5.0,37.5,3.0,3.0,0.0,46.0,2.0,Improve flexibility / mobility,Lightly active,No limitations,Exercise mat,Increase protein intake,Sri Lankan meals,Non Vegetraian,University cafeteria / canteen
STU_0054,25.0,150.0,60.0,26.67,5.0,2.5,15.0,0.0,5.0,37.5,3.0,3.0,0.0,46.0,2.0,Improve flexibility / mobility,Lightly active,No limitations,Exercise mat,Increase protein intake,Sri Lankan meals,Non Vegetraian,University cafeteria / canteen
STU_0055,25.0,150.0,60.0,26.67,5.0,2.5,15.0,0.0,5.0,37.5,3.0,3.0,0.0,46.0,2.0,Improve flexibility / mobility,Lightly active,No limitations,Exercise mat,Increase protein intake,Sri Lankan meals,Non Vegetraian,University cafeteria / canteen
STU_0056,25.0,150.0,60.0,26.67,5.0,2.5,15.0,0.0,5.0,37.5,3.0,3.0,0.0,46.0,2.0,Improve flexibility / mobility,Lightly active,No limitations,Exercise mat,Increase protein intake,Sri Lankan meals,Non Vegetraian,University cafeteria / canteen
STU_0057,25.0,150.0,60.0,26.67,5.0,2.5,15.0,0.0,5.0,37.5,3.0,3.0,0.0,46.0,2.0,Improve flexibility / mobility,Lightly active,No limitations,Exercise mat,Increase protein intake,Sri Lankan meals,Non Vegetraian,University cafeteria / canteen
STU_0058,25.0,150.0,60.0,26.67,5.0,2.5,15.0,0.0,5.0,37.5,3.0,3.0,0.0,46.0,2.0,Improve flexibility / mobility,Lightly active,No limitations,Exercise mat,Increase protein intake,Sri Lankan meals,Non Vegetraian,University cafeteria / canteen
STU_0059,25.0,150.0,60.0,26.67,5.0,2.5,15.0,0.0,5.0,37.5,3.0,3.0,0.0,46.0,2.0,Improve flexibility / mobility,Lightly active,No limitations,Exercise mat,Increase protein intake,Sri Lankan meals,Non Vegetraian,University cafeteria / canteen
STU_0060,25.0,150.0,60.0,26.67,5.0,2.5,15.0,0.0,5.0,37.5,3.0,3.0,0.0,46.0,2.0,Improve flexibility / mobility,Lightly active,No limitations,Exercise mat,Increase protein intake,Sri Lankan meals,Non Vegetraian,University cafeteria / canteen
STU_0061,25.0,150.0,60.0,26.67,5.0,2.5,15.0,0.0,5.0,37.5,3.0,3.0,0.0,46.0,2.0,Improve flexibility / mobility,Lightly active,No limitations,Exercise mat,Increase protein intake,Sri Lankan meals,Non Vegetraian,University cafeteria / canteen
STU_0062,25.0,150.0,60.0,26.67,5.0,2.5,15.0,0.0,5.0,37.5,3.0,3.0,0.0,46.0,2.0,Improve flexibility / mobility,Lightly active,No limitations,Exercise mat,Increase protein intake,Sri Lankan meals,Non Vegetraian,University cafeteria / canteen
STU_0063,25.0,150.0,60.0,26.67,5.0,2.5,15.0,0.0,5.0,37.5,3.0,3.0,0.0,46.0,2.0,Improve flexibility / mobility,Lightly active,No limitations,Exercise mat,Increase protein intake,Sri Lankan meals,Non Vegetraian,University cafeteria / canteen
STU_0064,25.0,150.0,60.0,26.67,5.0,2.5,15.0,0.0,5.0,37.5,3.0,3.0,0.0,46.0,2.0,Improve flexibility / mobility,Lightly active,No limitations,Exercise mat,Increase protein intake,Sri Lankan meals,Non Vegetraian,University cafeteria / canteen
STU_0065,25.0,150.0,60.0,26.67,5.0,2.5,15.0,0.0,5.0,37.5,3.0,3.0,0.0,46.0,2.0,Improve flexibility / mobility,Lightly active,No limitations,Exercise mat,Increase protein intake,Sri Lankan meals,Non Vegetraian,University cafeteria / canteen
STU_0066,25.0,150.0,60.0,26.67,5.0,2.5,15.0,0.0,5.0,37.5,3.0,3.0,0.0,46.0,2.0,Improve flexibility / mobility,Lightly active,No limitations,Exercise mat,Increase protein intake,Sri Lankan meals,Non Vegetraian,University cafeteria / canteen
STU_0067,25.0,150.0,60.0,26.67,5.0,2.5,15.0,0.0,5.0,37.5,3.0,3.0,0.0,46.0,2.0,Improve flexibility / mobility,Lightly active,No limitations,Exercise mat,Increase protein intake,Sri Lankan meals,Non Vegetraian,University cafeteria / canteen
STU_0068,25.0,150.0,60.0,26.67,5.0,2.5,15.0,0.0,5.0,37.5,3.0,3.0,0.0,46.0,2.0,Improve flexibility / mobility,Lightly active,No limitations,Exercise mat,Increase protein intake,Sri Lankan meals,Non Vegetraian,University cafeteria / canteen
STU_0069,25.0,150.0,60.0,26.67,5.0,2.5,15.0,0.0,5.0,37.5,3.0,3.0,0.0,46.0,2.0,Improve flexibility / mobility,Lightly active,No limitations,Exercise mat,Increase protein intake,Sri Lankan meals,Non Vegetraian,University cafeteria / canteen
STU_0070,25.0,150.0,60.0,26.67,5.0,2.5,15.0,0.0,5.0,37.5,3.0,3.0,0.0,46.0,2.0,Improve flexibility / mobility,Lightly active,No limitations,Exercise mat,Increase protein intake,Sri Lankan meals,Non Vegetraian,University cafeteria / canteen
STU_0071,25.0,150.0,60.0,26.67,5.0,2.5,15.0,0.0,5.0,37.5,3.0,3.0,0.0,46.0,2.0,Improve flexibility / mobility,Lightly active,No limitations,Exercise mat,Increase protein intake,Sri Lankan meals,Non Vegetraian,University cafeteria / canteen
STU_0072,25.0,150.0,60.0,26.67,5.0,2.5,15.0,0.0,5.0,37.5,3.0,3.0,0.0,46.0,2.0,Improve flexibility / mobility,Lightly active,No limitations,Exercise mat,Increase protein intake,Sri Lankan meals,Non Vegetraian,University cafeteria / canteen
STU_0073,25.0,150.0,60.0,26.67,5.0,2.5,15.0,0.0,5.0,37.5,3.0,3.0,0.0,46.0,2.0,Improve flexibility / mobility,Lightly active,No limitations,Exercise mat,Increase protein intake,Sri Lankan meals,Non Vegetraian,University cafeteria / canteen
STU_0074,25.0,150.0,60.0,26.67,5.0,2.5,15.0,0.0,5.0,37.5,3.0,3.0,0.0,46.0,2.0,Improve flexibility / mobility,Lightly active,No limitations,Exercise mat,Increase protein intake,Sri Lankan meals,Non Vegetraian,University cafeteria / canteen
STU_0075,25.0,150.0,60.0,26.67,5.0,2.5,15.0,0.0,5.0,37.5,3.0,3.0,0.0,46.0,2.0,Improve flexibility / mobility,Lightly active,No limitations,Exercise mat,Increase protein intake,Sri Lankan meals,Non Vegetraian,University cafeteria / canteen
STU_0076,25.0,150.0,60.0,26.67,5.0,2.5,15.0,0.0,5.0,37.5,3.0,3.0,0.0,46.0,2.0,Improve flexibility / mobility,Lightly active,No limitations,Exercise mat,Increase protein intake,Sri Lankan meals,Non Vegetraian,University cafeteria / canteen
STU_0077,25.0,150.0,60.0,26.67,5.0,2.5,15.0,0.0,5.0,37.5,3.0,3.0,0.0,46.0,2.0,Improve flexibility / mobility,Lightly active,No limitations,Exercise mat,Increase protein intake,Sri Lankan meals,Non Vegetraian,University cafeteria / canteen
STU_0078,25.0,150.0,60.0,26.67,5.0,2.5,15.0,0.0,5.0,37.5,3.0,3.0,0.0,46.0,2.0,Improve flexibility / mobility,Lightly active,No limitations,Exercise mat,Increase protein intake,Sri Lankan meals,Non Vegetraian,University cafeteria / canteen
STU_0079,25.0,150.0,60.0,26.67,5.0,2.5,15.0,0.0,5.0,37.5,3.0,3.0,0.0,46.0,2.0,Improve flexibility / mobility,Lightly active,No limitations,Exercise mat,Increase protein intake,Sri Lankan meals,Non Vegetraian,University cafeteria / canteen
STU_0080,25.0,150.0,60.0,26.67,5.0,2.5,15.0,0.0,5.0,37.5,3.0,3.0,0.0,46.0,2.0,Improve flexibility / mobility,Lightly active,No limitations,Exercise mat,Increase protein intake,Sri Lankan meals,Non Vegetraian,University cafeteria / canteen
STU_0081,25.0,150.0,60.0,26.67,5.0,2.5,15.0,0.0,5.0,37.5,3.0,3.0,0.0,46.0,2.0,Improve flexibility / mobility,Lightly active,No limitations,Exercise mat,Increase protein intake,Sri Lankan meals,Non Vegetraian,University cafeteria / canteen
STU_0082,25.0,150.0,60.0,26.67,5.0,2.5,15.0,0.0,5.0,37.5,3.0,3.0,0.0,46.0,2.0,Improve flexibility / mobility,Lightly active,No limitations,Exercise mat,Increase protein intake,Sri Lankan meals,Non Vegetraian,University cafeteria / canteen
STU_0083,25.0,150.0,60.0,26.67,5.0,2.5,15.0,0.0,5.0,37.5,3.0,3.0,0.0,46.0,2.0,Improve flexibility / mobility,Lightly active,No limitations,Exercise mat,Increase protein intake,Sri Lankan meals,Non Vegetraian,University cafeteria / canteen
STU_0084,25.0,150.0,60.0,26.67,5.0,2.5,15.0,0.0,5.0,37.5,3.0,3.0,0.0,46.0,2.0,Improve flexibility / mobility,Lightly active,No limitations,Exercise mat,Increase protein intake,Sri Lankan meals,Non Vegetraian,University cafeteria / canteen
STU_0085,25.0,150.0,60.0,26.67,5.0,2.5,15.0,0.0,5.0,37.5,3.0,3.0,0.0,46.0,2.0,Improve flexibility / mobility,Lightly active,No limitations,Exercise mat,Increase protein intake,Sri Lankan meals,Non Vegetraian,University cafeteria / canteen
STU_0086,25.0,150.0,60.0,26.67,5.0,2.5,15.0,0.0,5.0,37.5,3.0,3.0,0.0,46.0,2.0,Improve flexibility / mobility,Lightly active,No limitations,Exercise mat,Increase protein intake,Sri Lankan meals,Non Vegetraian,University cafeteria / canteen
STU_0087,25.0,150.0,60.0,26.67,5.0,2.5,15.0,0.0,5.0,37.5,3.0,3.0,0.0,46.0,2.0,Improve flexibility / mobility,Lightly active,No limitations,Exercise mat,Increase protein intake,Sri Lankan meals,Non Vegetraian,University cafeteria / canteen
STU_0088,25.0,150.0,60.0,26.67,5.0,2.5,15.0,0.0,5.0,37.5,3.0,3.0,0.0,46.0,2.0,Improve flexibility / mobility,Lightly active,No limitations,Exercise mat,Increase protein intake,Sri Lankan meals,Non Vegetraian,University cafeteria / canteen
STU_0089,25.0,150.0,60.0,26.67,5.0,2.5,15.0,0.0,5.0,37.5,3.0,3.0,0.0,46.0,2.0,Improve flexibility / mobility,Lightly active,No limitations,Exercise mat,Increase protein intake,Sri Lankan meals,Non Vegetraian,University cafeteria / canteen
STU_0090,25.0,150.0,60.0,26.67,5.0,2.5,15.0,0.0,5.0,37.5,3.0,3.0,0.0,46.0,2.0,Improve flexibility / mobility,Lightly active,No limitations,Exercise mat,Increase protein intake,Sri Lankan meals,Non Vegetraian,University cafeteria / canteen
STU_0091,25.0,150.0,60.0,26.67,5.0,2.5,15.0,0.0,5.0,37.5,3.0,3.0,0.0,46.0,2.0,Improve flexibility / mobility,Lightly active,No limitations,Exercise mat,Increase protein intake,Sri Lankan meals,Non Vegetraian,University cafeteria / canteen
STU_0092,25.0,150.0,60.0,26.67,5.0,2.5,15.0,0.0,5.0,37.5,3.0,3.0,0.0,46.0,2.0,Improve flexibility / mobility,Lightly active,No limitations,Exercise mat,Increase protein intake,Sri Lankan meals,Non Vegetraian,University cafeteria / canteen
STU_0093,25.0,150.0,60.0,26.67,5.0,2.5,15.0,0.0,5.0,37.5,3.0,3.0,0.0,46.0,2.0,Improve flexibility / mobility,Lightly active,No limitations,Exercise mat,Increase protein intake,Sri Lankan meals,Non Vegetraian,University cafeteria / canteen
STU_0094,25.0,150.0,60.0,26.67,5.0,2.5,15.0,0.0,5.0,37.5,3.0,3.0,0.0,46.0,2.0,Improve flexibility / mobility,Lightly active,No limitations,Exercise mat,Increase protein intake,Sri Lankan meals,Non Vegetraian,University cafeteria / canteen
STU_0095,25.0,150.0,60.0,26.67,5.0,2.5,15.0,0.0,5.0,37.5,3.0,3.0,0.0,46.0,2.0,Improve flexibility / mobility,Lightly active,No limitations,Exercise mat,Increase protein intake,Sri Lankan meals,Non Vegetraian,University cafeteria / canteen
STU_0096,25.0,150.0,60.0,26.67,5.0,2.5,15.0,0.0,5.0,37.5,3.0,3.0,0.0,46.0,2.0,Improve flexibility / mobility,Lightly active,No limitations,Exercise mat,Increase protein intake,Sri Lankan meals,Non Vegetraian,University cafeteria / canteen
STU_0097,25.0,150.0,60.0,26.67,5.0,2.5,15.0,0.0,5.0,37.5,3.0,3.0,0.0,46.0,2.0,Improve flexibility / mobility,Lightly active,No limitations,Exercise mat,Increase protein intake,Sri Lankan meals,Non Vegetraian,University cafeteria / canteen
STU_0098,25.0,150.0,60.0,26.67,5.0,2.5,15.0,0.0,5.0,37.5,3.0,3.0,0.0,46.0,2.0,Improve flexibility / mobility,Lightly active,No limitations,Exercise mat,Increase protein intake,Sri Lankan meals,Non Vegetraian,University cafeteria / canteen
STU_0099,25.0,150.0,60.0,26.67,5.0,2.5,15.0,0.0,5.0,37.5,3.0,3.0,0.0,46.0,2.0,Improve flexibility / mobility,Lightly active,No limitations,Exercise mat,Increase protein intake,Sri Lankan meals,Non Vegetraian,University cafeteria / canteen
STU_0100,25.0,150.0,60.0,26.67,5.0,2.5,15.0,0.0,5.0,37.5,3.0,3.0,0.0,46.0,2.0,Improve flexibility / mobility,Lightly active,No limitations,Exercise mat,Increase protein intake,Sri Lankan meals,Non Vegetraian,University cafeteria / canteen
STU_0101,25.0,150.0,60.0,26.67,5.0,2.5,15.0,0.0,5.0,37.5,3.0,3.0,0.0,46.0,2.0,Improve flexibility / mobility,Lightly active,No limitations,Exercise mat,Increase protein intake,Sri Lankan meals,Non Vegetraian,University cafeteria / canteen
STU_0102,25.0,150.0,60.0,26.67,5.0,2.5,15.0,0.0,5.0,37.5,3.0,3.0,0.0,46.0,2.0,Improve flexibility / mobility,Lightly active,No limitations,Exercise mat,Increase protein intake,Sri Lankan meals,Non Vegetraian,University cafeteria / canteen
STU_0103,25.0,150.0,60.0,26.67,5.0,2.5,15.0,0.0,5.0,37.5,3.0,3.0,0.0,46.0,2.0,Improve flexibility / mobility,Lightly active,No limitations,Exercise mat,Increase protein intake,Sri Lankan meals,Non Vegetraian,University cafeteria / canteen
STU_0104,25.0,150.0,60.0,26.67,5.0,2.5,15.0,0.0,5.0,37.5,3.0,3.0,0.0,46.0,2.0,Improve flexibility / mobility,Lightly active,No limitations,Exercise mat,Increase protein intake,Sri Lankan meals,Non Vegetraian,University cafeteria / canteen
STU_0105,25.0,150.0,60.0,26.67,5.0,2.5,15.0,0.0,5.0,37.5,3.0,3.0,0.0,46.0,2.0,Improve flexibility / mobility,Lightly active,No limitations,Exercise mat,Increase protein intake,Sri Lankan meals,Non Vegetraian,University cafeteria / canteen
STU_0106,25.0,150.0,60.0,26.67,5.0,2.5,15.0,0.0,5.0,37.5,3.0,3.0,0.0,46.0,2.0,Improve flexibility / mobility,Lightly active,No limitations,Exercise mat,Increase protein intake,Sri Lankan meals,Non Vegetraian,University cafeteria / canteen
STU_0107,25.0,150.0,60.0,26.67,5.0,2.5,15.0,0.0,5.0,37.5,3.0,3.0,0.0,46.0,2.0,Improve flexibility / mobility,Lightly active,No limitations,Exercise mat,Increase protein intake,Sri Lankan meals,Non Vegetraian,University cafeteria / canteen
STU_0108,25.0,150.0,60.0,26.67,5.0,2.5,15.0,0.0,5.0,37.5,3.0,3.0,0.0,46.0,2.0,Improve flexibility / mobility,Lightly active,No limitations,Exercise mat,Increase protein intake,Sri Lankan meals,Non Vegetraian,University cafeteria / canteen
STU_0109,25.0,150.0,60.0,26.67,5.0,2.5,15.0,0.0,5.0,37.5,3.0,3.0,0.0,46.0,2.0,Improve flexibility / mobility,Lightly active,No limitations,Exercise mat,Increase protein intake,Sri Lankan meals,Non Vegetraian,University cafeteria / canteen
STU_0110,25.0,150.0,60.0,26.67,5.0,2.5,15.0,0.0,5.0,37.5,3.0,3.0,0.0,46.0,2.0,Improve flexibility / mobility,Lightly active,No limitations,Exercise mat,Increase protein intake,Sri Lankan meals,Non Vegetraian,University cafeteria / canteen
STU_0111,25.0,150.0,60.0,26.67,5.0,2.5,15.0,0.0,5.0,37.5,3.0,3.0,0.0,46.0,2.0,Improve flexibility / mobility,Lightly active,No limitations,Exercise mat,Increase protein intake,Sri Lankan meals,Non Vegetraian,University cafeteria / canteen
STU_0112,25.0,150.0,60.0,26.67,5.0,2.5,15.0,0.0,5.0,37.5,3.0,3.0,0.0,46.0,2.0,Improve flexibility / mobility,Lightly active,No limitations,Exercise mat,Increase protein intake,Sri Lankan meals,Non Vegetraian,University cafeteria / canteen
STU_0113,25.0,150.0,60.0,26.67,5.0,2.5,15.0,0.0,5.0,37.5,3.0,3.0,0.0,46.0,2.0,Improve flexibility / mobility,Lightly active,No limitations,Exercise mat,Increase protein intake,Sri Lankan meals,Non Vegetraian,University cafeteria / canteen
STU_0114,25.0,150.0,60.0,26.67,5.0,2.5,15.0,0.0,5.0,37.5,3.0,3.0,0.0,46.0,2.0,Improve flexibility / mobility,Lightly active,No limitations,Exercise mat,Increase protein intake,Sri Lankan meals,Non Vegetraian,University cafeteria / canteen
STU_0115,25.0,150.0,60.0,26.67,5.0,2.5,15.0,0.0,5.0,37.5,3.0,3.0,0.0,46.0,2.0,Improve flexibility / mobility,Lightly active,No limitations,Exercise mat,Increase protein intake,Sri Lankan meals,Non Vegetraian,University cafeteria / canteen
STU_0116,25.0,150.0,60.0,26.67,5.0,2.5,15.0,0.0,5.0,37.5,3.0,3.0,0.0,46.0,2.0,Improve flexibility / mobility,Lightly active,No limitations,Exercise mat,Increase protein intake,Sri Lankan meals,Non Vegetraian,University cafeteria / canteen
STU_0117,25.0,150.0,60.0,26.67,5.0,2.5,15.0,0.0,5.0,37.5,3.0,3.0,0.0,46.0,2.0,Improve flexibility / mobility,Lightly active,No limitations,Exercise mat,Increase protein intake,Sri Lankan meals,Non Vegetraian,University cafeteria / canteen
STU_0118,25.0,150.0,60.0,26.67,5.0,2.5,15.0,0.0,5.0,37.5,3.0,3.0,0.0,46.0,2.0,Improve flexibility / mobility,Lightly active,No limitations,Exercise mat,Increase protein intake,Sri Lankan meals,Non Vegetraian,University cafeteria / canteen
STU_0119,25.0,150.0,60.0,26.67,5.0,2.5,15.0,0.0,5.0,37.5,3.0,3.0,0.0,46.0,2.0,Improve flexibility / mobility,Lightly active,No limitations,Exercise mat,Increase protein intake,Sri Lankan meals,Non Vegetraian,University cafeteria / canteen
STU_0120,25.0,150.0,60.0,26.67,5.0,2.5,15.0,0.0,5.0,37.5,3.0,3.0,0.0,46.0,2.0,Improve flexibility / mobility,Lightly active,No limitations,Exercise mat,Increase protein intake,Sri Lankan meals,Non Vegetraian,University cafeteria / canteen
STU_0121,25.0,150.0,60.0,26.67,5.0,2.5,15.0,0.0,5.0,37.5,3.0,3.0,0.0,46.0,2.0,Improve flexibility / mobility,Lightly active,No limitations,Exercise mat,Increase protein intake,Sri Lankan meals,Non Vegetraian,University cafeteria / canteen
STU_0122,25.0,150.0,60.0,26.67,5.0,2.5,15.0,0.0,5.0,37.5,3.0,3.0,0.0,46.0,2.0,Improve flexibility / mobility,Lightly active,No limitations,Exercise mat,Increase protein intake,Sri Lankan meals,Non Vegetraian,University cafeteria / canteen
STU_0123,25.0,150.0,60.0,26.67,5.0,2.5,15.0,0.0,5.0,37.5,3.0,3.0,0.0,46.0,2.0,Improve flexibility / mobility,Lightly active,No limitations,Exercise mat,Increase protein intake,Sri Lankan meals,Non Vegetraian,University cafeteria / canteen
STU_0124,25.0,150.0,60.0,26.67,5.0,2.5,15.0,0.0,5.0,37.5,3.0,3.0,0.0,46.0,2.0,Improve flexibility / mobility,Lightly active,No limitations,Exercise mat,Increase protein intake,Sri Lankan meals,Non Vegetraian,University cafeteria / canteen
STU_0125,25.0,150.0,60.0,26.67,5.0,2.5,15.0,0.0,5.0,37.5,3.0,3.0,0.0,46.0,2.0,Improve flexibility / mobility,Lightly active,No limitations,Exercise mat,Increase protein intake,Sri Lankan meals,Non Vegetraian,University cafeteria / canteen
STU_0126,25.0,150.0,60.0,26.67,5.0,2.5,15.0,0.0,5.0,37.5,3.0,3.0,0.0,46.0,2.0,Improve flexibility / mobility,Lightly active,No limitations,Exercise mat,Increase protein intake,Sri Lankan meals,Non Vegetraian,University cafeteria / canteen
STU_0127,25.0,150.0,60.0,26.67,5.0,2.5,15.0,0.0,5.0,37.5,3.0,3.0,0.0,46.0,2.0,Improve flexibility / mobility,Lightly active,No limitations,Exercise mat,Increase protein intake,Sri Lankan meals,Non Vegetraian,University cafeteria / canteen
STU_0128,25.0,150.0,60.0,26.67,5.0,2.5,15.0,0.0,5.0,37.5,3.0,3.0,0.0,46.0,2.0,Improve flexibility / mobility,Lightly active,No limitations,Exercise mat,Increase protein intake,Sri Lankan meals,Non Vegetraian,University cafeteria / canteen
STU_0129,25.0,150.0,60.0,26.67,5.0,2.5,15.0,0.0,5.0,37.5,3.0,3.0,0.0,46.0,2.0,Improve flexibility / mobility,Lightly active,No limitations,Exercise mat,Increase protein intake,Sri Lankan meals,Non Vegetraian,University cafeteria / canteen
STU_0130,25.0,150.0,60.0,26.67,5.0,2.5,15.0,0.0,5.0,37.5,3.0,3.0,0.0,46.0,2.0,Improve flexibility / mobility,Lightly active,No limitations,Exercise mat,Increase protein intake,Sri Lankan meals,Non Vegetraian,University cafeteria / canteen
STU_0131,25.0,150.0,60.0,26.67,5.0,2.5,15.0,0.0,5.0,37.5,3.0,3.0,0.0,46.0,2.0,Improve flexibility / mobility,Lightly active,No limitations,Exercise mat,Increase protein intake,Sri Lankan meals,Non Vegetraian,University cafeteria / canteen
STU_0132,25.0,150.0,60.0,26.67,5.0,2.5,15.0,0.0,5.0,37.5,3.0,3.0,0.0,46.0,2.0,Improve flexibility / mobility,Lightly active,No limitations,Exercise mat,Increase protein intake,Sri Lankan meals,Non Vegetraian,University cafeteria / canteen
STU_0133,25.0,150.0,60.0,26.67,5.0,2.5,15.0,0.0,5.0,37.5,3.0,3.0,0.0,46.0,2.0,Improve flexibility / mobility,Lightly active,No limitations,Exercise mat,Increase protein intake,Sri Lankan meals,Non Vegetraian,University cafeteria / canteen
STU_0134,25.0,150.0,60.0,26.67,5.0,2.5,15.0,0.0,5.0,37.5,3.0,3.0,0.0,46.0,2.0,Improve flexibility / mobility,Lightly active,No limitations,Exercise mat,Increase protein intake,Sri Lankan meals,Non Vegetraian,University cafeteria / canteen
STU_0135,25.0,150.0,60.0,26.67,5.0,2.5,15.0,0.0,5.0,37.5,3.0,3.0,0.0,46.0,2.0,Improve flexibility / mobility,Lightly active,No limitations,Exercise mat,Increase protein intake,Sri Lankan meals,Non Vegetraian,University cafeteria / canteen
STU_0136,25.0,150.0,60.0,26.67,5.0,2.5,15.0,0.0,5.0,37.5,3.0,3.0,0.0,46.0,2.0,Improve flexibility / mobility,Lightly active,No limitations,Exercise mat,Increase protein intake,Sri Lankan meals,Non Vegetraian,University cafeteria / canteen
STU_0137,25.0,150.0,60.0,26.67,5.0,2.5,15.0,0.0,5.0,37.5,3.0,3.0,0.0,46.0,2.0,Improve flexibility / mobility,Lightly active,No limitations,Exercise mat,Increase protein intake,Sri Lankan meals,Non Vegetraian,University cafeteria / canteen
STU_0138,25.0,150.0,60.0,26.67,5.0,2.5,15.0,0.0,5.0,37.5,3.0,3.0,0.0,46.0,2.0,Improve flexibility / mobility,Lightly active,No limitations,Exercise mat,Increase protein intake,Sri Lankan meals,Non Vegetraian,University cafeteria / canteen
STU_0139,25.0,150.0,60.0,26.67,5.0,2.5,15.0,0.0,5.0,37.5,3.0,3.0,0.0,46.0,2.0,Improve flexibility / mobility,Lightly active,No limitations,Exercise mat,Increase protein intake,Sri Lankan meals,Non Vegetraian,University cafeteria / canteen
STU_0140,25.0,150.0,60.0,26.67,5.0,2.5,15.0,0.0,5.0,37.5,3.0,3.0,0.0,46.0,2.0,Improve flexibility / mobility,Lightly active,No limitations,Exercise mat,Increase protein intake,Sri Lankan meals,Non Vegetraian,University cafeteria / canteen
STU_0141,25.0,150.0,60.0,26.67,5.0,2.5,15.0,0.0,5.0,37.5,3.0,3.0,0.0,46.0,2.0,Improve flexibility / mobility,Lightly active,No limitations,Exercise mat,Increase protein intake,Sri Lankan meals,Non Vegetraian,University cafeteria / canteen
STU_0142,25.0,150.0,60.0,26.67,5.0,2.5,15.0,0.0,5.0,37.5,3.0,3.0,0.0,46.0,2.0,Improve flexibility / mobility,Lightly active,No limitations,Exercise mat,Increase protein intake,Sri Lankan meals,Non Vegetraian,University cafeteria / canteen
STU_0143,25.0,150.0,60.0,26.67,5.0,2.5,15.0,0.0,5.0,37.5,3.0,3.0,0.0,46.0,2.0,Improve flexibility / mobility,Lightly active,No limitations,Exercise mat,Increase protein intake,Sri Lankan meals,Non Vegetraian,University cafeteria / canteen
STU_0144,25.0,150.0,60.0,26.67,5.0,2.5,15.0,0.0,5.0,37.5,3.0,3.0,0.0,46.0,2.0,Improve flexibility / mobility,Lightly active,No limitations,Exercise mat,Increase protein intake,Sri Lankan meals,Non Vegetraian,University cafeteria / canteen
STU_0145,24.0,155.0,55.0,22.89,6.0,1.5,15.0,0.0,5.0,37.5,3.0,3.0,1.0,15.0,5.0,"Improve overall fitness, Increase physical activity, Improve strength, Manage body weight, Improve sleep",Lightly active,No limitations,Outdoor walking / running area,Maintain healthy eating,Combination of both,No specific preference,Family-prepared meals
STU_0146,22.0,170.0,67.0,23.18,8.0,0.0,15.0,0.0,5.0,37.5,3.0,3.0,7.0,15.0,2.0,"Increase physical activity, Improve flexibility / mobility, Improve sleep",Very inactive,No limitations,"No equipment, Outdoor walking / running area, Dumbbells / weights","Manage body weight, Increase protein intake",International meals,Vegetarian,University cafeteria / canteen
STU_0147,23.0,170.0,55.0,19.03,6.0,1.5,15.0,0.0,5.0,37.5,3.0,3.0,4.0,60.0,5.0,"Improve strength, Improve flexibility / mobility",Very active,No limitations,"Exercise mat, Resistance bands, Sports facilities",Increase fruit and vegetable intake,Sri Lankan meals,No specific preference,Restaurants / takeaway
STU_0148,25.0,167.0,67.0,24.02,5.0,2.5,15.0,0.0,5.0,37.5,3.0,3.0,8.0,31.0,4.0,"Improve flexibility / mobility, Maintain current wellbeing",Very active,Prefer not to say,"Outdoor walking / running area, Sports facilities",Support fitness,Combination of both,No specific preference,Combination
STU_0149,23.0,171.0,55.0,18.81,6.0,1.5,15.0,0.0,5.0,37.5,3.0,3.0,3.0,15.0,3.0,"Improve overall fitness, Increase physical activity, Improve strength, Improve flexibility / mobility, Manage body weight, Improve sleep, Maintain current wellbeing",Very active,No limitations,"No equipment, Outdoor walking / running area, Exercise mat, Resistance bands, Dumbbells / weights, Gym / fitness centre, Sports facilities","Maintain healthy eating, Manage body weight, Improve nutritional quality, Increase protein intake, Increase fruit and vegetable intake, Support fitness",Combination of both,No specific preference,University cafeteria / canteen
STU_0150,24.0,150.0,43.0,19.11,6.0,1.5,15.0,0.0,5.0,37.5,3.0,3.0,5.0,15.0,3.0,Improve overall fitness,Very inactive,No limitations,No equipment,"Manage body weight, Increase fruit and vegetable intake",Combination of both,No specific preference,Combination
STU_0151,23.0,164.0,42.0,15.62,7.0,0.5,15.0,0.0,5.0,37.5,3.0,3.0,1.0,15.0,2.0,Manage body weight,Lightly active,No limitations,No equipment,"Maintain healthy eating, Increase protein intake, Increase fruit and vegetable intake",Sri Lankan meals,Non Vegetraian,University cafeteria / canteen
STU_0152,25.0,159.0,60.0,23.73,7.0,0.5,15.0,0.0,5.0,37.5,3.0,3.0,3.0,15.0,4.0,"Improve overall fitness, Improve strength, Manage body weight",Lightly active,No limitations,"No equipment, Outdoor walking / running area","Maintain healthy eating, Manage body weight, Support fitness",Sri Lankan meals,Non Vegetraian,University cafeteria / canteen
STU_0153,27.0,180.0,17.0,5.25,9.0,0.0,15.0,0.0,5.0,37.5,3.0,3.0,2.0,15.0,4.0,Improve overall fitness,Very active,No limitations,"No equipment, Outdoor walking / running area","Maintain healthy eating, Increase protein intake",Sri Lankan meals,Non Vegetraian,Restaurants / takeaway
STU_0154,26.0,169.0,53.0,18.56,5.0,2.5,15.0,0.0,5.0,37.5,3.0,3.0,6.0,46.0,5.0,Improve strength,Highly active,Yes,No equipment,Support fitness,Sri Lankan meals,No specific preference,Combination
STU_0155,24.0,148.0,42.0,19.17,7.0,0.5,15.0,0.0,5.0,37.5,3.0,3.0,3.0,15.0,3.0,"Improve overall fitness, Improve strength, Improve flexibility / mobility",Lightly active,Yes,"No equipment, Outdoor walking / running area","Maintain healthy eating, Improve nutritional quality, Support fitness",Sri Lankan meals,Non Vegetraian,University cafeteria / canteen
STU_0156,23.0,154.0,51.0,21.5,6.0,1.5,15.0,0.0,5.0,37.5,3.0,3.0,0.0,31.0,3.0,"Improve strength, Manage body weight, Maintain current wellbeing",Very active,No limitations,No equipment,"Maintain healthy eating, Manage body weight",Sri Lankan meals,No specific preference,Combination
STU_0157,23.0,153.0,53.0,22.64,6.0,1.5,15.0,0.0,5.0,37.5,3.0,3.0,1.0,31.0,4.0,"Increase physical activity, Improve strength",Very active,No limitations,No equipment,"Maintain healthy eating, Manage body weight",Sri Lankan meals,No specific preference,Combination
STU_0158,24.0,150.0,47.0,20.89,6.0,1.5,15.0,0.0,5.0,37.5,3.0,3.0,2.0,15.0,4.0,"Manage body weight, Improve sleep",Moderately active,No limitations,Outdoor walking / running area,"Maintain healthy eating, Manage body weight",Sri Lankan meals,Non Vegetraian,Combination
STU_0159,25.0,155.0,45.0,18.73,8.0,0.0,15.0,0.0,5.0,37.5,3.0,3.0,2.0,60.0,5.0,"Improve overall fitness, Increase physical activity, Improve strength, Improve flexibility / mobility, Manage body weight, Improve sleep, Maintain current wellbeing",Moderately active,No limitations,"Exercise mat, Resistance bands, Sports facilities","Improve nutritional quality, Increase protein intake, Support fitness",Combination of both,No specific preference,Combination
STU_0160,22.0,154.0,47.0,19.82,6.0,1.5,15.0,0.0,5.0,37.5,3.0,3.0,6.0,31.0,5.0,"Improve overall fitness, Increase physical activity, Improve strength, Improve flexibility / mobility, Manage body weight, Improve sleep, Maintain current wellbeing",Moderately active,Yes,"Outdoor walking / running area, Exercise mat, Dumbbells / weights, Sports facilities","Maintain healthy eating, Manage body weight, Improve nutritional quality, Increase protein intake",Combination of both,Non Vegetraian,Cook at home
STU_0161,22.0,170.0,67.0,23.18,6.0,1.5,15.0,0.0,5.0,37.5,3.0,3.0,1.0,15.0,4.0,"Manage body weight, Maintain current wellbeing",Lightly active,No limitations,"Outdoor walking / running area, Exercise mat, Resistance bands",Maintain healthy eating,Combination of both,No specific preference,Combination
STU_0162,21.0,169.0,72.0,25.21,5.0,2.5,15.0,0.0,5.0,37.5,3.0,3.0,6.0,60.0,4.0,Improve overall fitness,Very active,No limitations,"Outdoor walking / running area, Dumbbells / weights",Increase fruit and vegetable intake,Combination of both,Non Vegetraian,Combination
STU_0163,24.0,166.0,55.0,19.96,8.0,0.0,15.0,0.0,5.0,37.5,3.0,3.0,0.0,60.0,5.0,"Improve overall fitness, Increase physical activity, Improve strength, Improve flexibility / mobility, Manage body weight, Improve sleep, Maintain current wellbeing, Improve mental health",Moderately active,No limitations,Gym / fitness centre,"Maintain healthy eating, Manage body weight, Improve nutritional quality, Increase protein intake, Increase fruit and vegetable intake, Support fitness",Combination of both,Non Vegetraian,Cook at home
STU_0164,22.0,174.0,83.0,27.41,8.0,0.0,15.0,0.0,5.0,37.5,3.0,3.0,0.0,15.0,3.0,"Improve overall fitness, Manage body weight",Lightly active,Yes,No equipment,Maintain healthy eating,Combination of both,No specific preference,Family-prepared meals
STU_0165,21.0,163.0,52.0,19.57,5.0,2.5,15.0,0.0,5.0,37.5,3.0,3.0,2.0,15.0,3.0,Improve overall fitness,Highly active,No limitations,Sports facilities,Support fitness,Sri Lankan meals,No specific preference,Cook at home
STU_0166,17.0,155.0,62.0,25.81,5.0,2.5,15.0,0.0,5.0,37.5,3.0,3.0,2.0,60.0,4.0,"Improve overall fitness, Increase physical activity, Manage body weight, Improve sleep",Very active,No limitations,No equipment,"Maintain healthy eating, Increase fruit and vegetable intake",Combination of both,No specific preference,Combination
STU_0167,23.0,170.0,73.0,25.26,8.0,0.0,15.0,0.0,5.0,37.5,3.0,3.0,3.0,15.0,3.0,"Improve overall fitness, Increase physical activity, Improve strength, Improve flexibility / mobility",Moderately active,No limitations,"Dumbbells / weights, Gym / fitness centre, Sports facilities","Maintain healthy eating, Manage body weight, Improve nutritional quality, Increase protein intake",Combination of both,No specific preference,Combination
STU_0168,25.0,175.0,85.0,27.76,5.0,2.5,15.0,0.0,5.0,37.5,3.0,3.0,2.0,60.0,3.0,Improve overall fitness,Lightly active,No limitations,"Outdoor walking / running area, Exercise mat, Dumbbells / weights, Gym / fitness centre","Maintain healthy eating, Manage body weight, Improve nutritional quality",Combination of both,Non Vegetraian,Cook at home
STU_0169,25.0,175.0,72.2,23.58,7.0,0.5,15.0,0.0,5.0,37.5,3.0,3.0,2.0,60.0,3.0,"Improve overall fitness, Improve strength, Improve flexibility / mobility",Lightly active,No limitations,Dumbbells / weights,Maintain healthy eating,International meals,Non Vegetraian,Family-prepared meals
STU_0170,18.0,181.0,87.0,26.56,8.0,0.0,15.0,0.0,5.0,37.5,3.0,3.0,4.0,46.0,3.0,"Improve overall fitness, Manage body weight",Moderately active,No limitations,"Outdoor walking / running area, Dumbbells / weights, Gym / fitness centre, Sports facilities","Maintain healthy eating, Increase protein intake",Sri Lankan meals,Non Vegetraian,Combination
STU_0171,21.0,158.0,53.0,21.23,7.0,0.5,15.0,0.0,5.0,37.5,3.0,3.0,3.0,31.0,3.0,Improve overall fitness,Lightly active,No limitations,"Outdoor walking / running area, Gym / fitness centre","Maintain healthy eating, Manage body weight, Improve nutritional quality",Combination of both,No specific preference,Cook at home
STU_0172,23.0,150.0,54.0,24.0,8.0,0.0,15.0,0.0,5.0,37.5,3.0,3.0,2.0,15.0,2.0,"Improve overall fitness, Improve sleep",Very active,No limitations,Resistance bands,"Manage body weight, Improve nutritional quality, Increase protein intake",Combination of both,Non Vegetraian,Family-prepared meals
STU_0173,24.0,164.0,54.0,20.08,7.0,0.5,15.0,0.0,5.0,37.5,3.0,3.0,2.0,60.0,5.0,"Improve overall fitness, Increase physical activity, Improve strength, Improve flexibility / mobility, Manage body weight, Maintain current wellbeing",Moderately active,No limitations,"Outdoor walking / running area, Exercise mat, Gym / fitness centre, Sports facilities","Maintain healthy eating, Support fitness",Sri Lankan meals,No specific preference,Cook at home
STU_0174,24.0,5.0,50.0,20000.0,5.0,2.5,15.0,0.0,5.0,37.5,3.0,3.0,7.0,15.0,3.0,Increase physical activity,Moderately active,No limitations,Resistance bands,"Maintain healthy eating, Increase protein intake, Increase fruit and vegetable intake",Combination of both,Vegetarian,Family-prepared meals
STU_0175,23.0,167.0,51.0,18.29,5.0,2.5,15.0,0.0,5.0,37.5,3.0,3.0,0.0,15.0,4.0,"Improve overall fitness, Improve strength",Very active,No limitations,Outdoor walking / running area,"Maintain healthy eating, Improve nutritional quality",Combination of both,Non Vegetraian,Combination
STU_0176,23.0,157.0,45.0,18.26,8.0,0.0,15.0,0.0,5.0,37.5,3.0,3.0,1.0,15.0,4.0,"Improve overall fitness, Improve strength, Improve sleep, Maintain current wellbeing",Moderately active,No limitations,No equipment,"Maintain healthy eating, Manage body weight",Sri Lankan meals,No specific preference,Family-prepared meals
STU_0177,22.0,165.0,60.0,22.04,7.0,0.5,15.0,0.0,5.0,37.5,3.0,3.0,1.0,15.0,3.0,"Improve flexibility / mobility, Manage body weight, Improve sleep",Moderately active,No limitations,Outdoor walking / running area,Maintain healthy eating,Combination of both,Non Vegetraian,Combination
STU_0178,21.0,178.0,67.0,21.15,10.0,0.0,15.0,0.0,5.0,37.5,3.0,3.0,2.0,60.0,3.0,"Increase physical activity, Improve strength, Improve sleep",Moderately active,No limitations,"Outdoor walking / running area, Exercise mat, Sports facilities","Maintain healthy eating, Manage body weight",Combination of both,Non Vegetraian,Family-prepared meals
STU_0179,23.0,152.4,53.0,22.82,6.0,1.5,15.0,0.0,5.0,37.5,3.0,3.0,1.0,15.0,3.0,"Improve overall fitness, Increase physical activity, Improve strength",Moderately active,No limitations,No equipment,Maintain healthy eating,Combination of both,No specific preference,Family-prepared meals
STU_0180,23.0,152.0,51.0,22.07,5.0,2.5,15.0,0.0,5.0,37.5,3.0,3.0,0.0,31.0,4.0,"Improve strength, Improve flexibility / mobility",Lightly active,No limitations,No equipment,Improve nutritional quality,Combination of both,Non Vegetraian,Cook at home
STU_0181,24.0,172.0,80.0,27.04,6.0,1.5,15.0,0.0,5.0,37.5,3.0,3.0,2.0,15.0,4.0,"Improve overall fitness, Increase physical activity, Improve strength, Manage body weight, Improve sleep",Lightly active,No limitations,Dumbbells / weights,"Maintain healthy eating, Manage body weight, Improve nutritional quality, Increase protein intake, Increase fruit and vegetable intake",Combination of both,Non Vegetraian,Restaurants / takeaway
STU_0182,22.0,160.0,54.0,21.09,5.0,2.5,15.0,0.0,5.0,37.5,3.0,3.0,0.0,46.0,2.0,Improve sleep,Very inactive,No limitations,Dumbbells / weights,"Maintain healthy eating, Improve nutritional quality",Combination of both,No specific preference,Cook at home
STU_0183,24.0,166.0,40.0,14.52,7.0,0.5,15.0,0.0,5.0,37.5,3.0,3.0,5.0,15.0,5.0,"Improve overall fitness, Improve strength, Improve flexibility / mobility, Manage body weight, Maintain current wellbeing",Very active,Yes,"Outdoor walking / running area, Exercise mat, Dumbbells / weights, Gym / fitness centre","Maintain healthy eating, Improve nutritional quality, Increase protein intake",Combination of both,No specific preference,Cook at home
STU_0184,23.0,180.0,65.0,20.06,6.0,1.5,15.0,0.0,5.0,37.5,3.0,3.0,0.0,15.0,3.0,Improve overall fitness,Lightly active,Yes,"No equipment, Outdoor walking / running area, Exercise mat","Maintain healthy eating, Manage body weight",Combination of both,No specific preference,Combination
STU_0185,23.0,160.0,47.0,18.36,8.0,0.0,15.0,0.0,5.0,37.5,3.0,3.0,0.0,15.0,4.0,"Improve overall fitness, Increase physical activity, Improve strength",Very inactive,No limitations,Gym / fitness centre,"Maintain healthy eating, Manage body weight, Improve nutritional quality, Increase protein intake",Combination of both,Non Vegetraian,Restaurants / takeaway
STU_0186,23.0,163.0,63.0,23.71,5.0,2.5,15.0,0.0,5.0,37.5,3.0,3.0,0.0,15.0,3.0,Manage body weight,Lightly active,No limitations,No equipment,"Manage body weight, Increase protein intake, Increase fruit and vegetable intake",Combination of both,Non Vegetraian,Restaurants / takeaway
STU_0187,23.0,165.0,64.0,23.51,8.0,0.0,15.0,0.0,5.0,37.5,3.0,3.0,1.0,15.0,3.0,"Improve strength, Maintain current wellbeing",Moderately active,No limitations,"No equipment, Outdoor walking / running area, Exercise mat, Sports facilities",Maintain healthy eating,Combination of both,Non Vegetraian,Cook at home
STU_0188,26.0,173.0,130.0,43.44,4.0,3.5,15.0,0.0,5.0,37.5,3.0,3.0,0.0,46.0,3.0,Manage body weight,Lightly active,No limitations,Outdoor walking / running area,Manage body weight,Sri Lankan meals,No specific preference,Cook at home
STU_0189,24.0,155.0,48.0,19.98,9.0,0.0,15.0,0.0,5.0,37.5,3.0,3.0,0.0,15.0,2.0,"Manage body weight, Improve sleep",Moderately active,No limitations,"Outdoor walking / running area, Exercise mat","Manage body weight, Increase fruit and vegetable intake",Combination of both,No specific preference,Family-prepared meals
STU_0190,25.0,177.0,82.0,26.17,8.0,0.0,15.0,0.0,5.0,37.5,3.0,3.0,5.0,31.0,3.0,"Improve overall fitness, Increase physical activity, Improve flexibility / mobility, Improve sleep",Lightly active,No limitations,"Dumbbells / weights, Gym / fitness centre","Manage body weight, Improve nutritional quality, Increase protein intake",Sri Lankan meals,Non Vegetraian,Cook at home
STU_0191,25.0,168.0,62.0,21.97,6.0,1.5,15.0,0.0,5.0,37.5,3.0,3.0,2.0,15.0,2.0,"Improve overall fitness, Increase physical activity, Improve strength, Improve flexibility / mobility",Lightly active,Yes,No equipment,"Increase protein intake, Increase fruit and vegetable intake, Support fitness",Sri Lankan meals,Non Vegetraian,Cook at home
STU_0192,23.0,153.0,56.0,23.92,7.0,0.5,15.0,0.0,5.0,37.5,3.0,3.0,0.0,31.0,4.0,"Improve overall fitness, Increase physical activity, Improve strength, Improve flexibility / mobility, Manage body weight, Improve sleep, Maintain current wellbeing",Moderately active,No limitations,"No equipment, Outdoor walking / running area, Exercise mat, Resistance bands, Dumbbells / weights, Gym / fitness centre, Sports facilities","Maintain healthy eating, Manage body weight, Improve nutritional quality, Increase protein intake, Increase fruit and vegetable intake, Support fitness",Combination of both,No specific preference,Cook at home
STU_0193,22.0,155.0,55.0,22.89,6.0,1.5,15.0,0.0,5.0,37.5,3.0,3.0,0.0,46.0,4.0,Manage body weight,Very inactive,No limitations,"Outdoor walking / running area, Gym / fitness centre",Improve nutritional quality,Combination of both,Non Vegetraian,Cook at home
STU_0194,25.0,154.0,49.0,20.66,6.0,1.5,15.0,0.0,5.0,37.5,3.0,3.0,3.0,15.0,5.0,"Improve overall fitness, Increase physical activity, Improve strength, Manage body weight, Improve sleep, Maintain current wellbeing",Very active,No limitations,"No equipment, Outdoor walking / running area","Maintain healthy eating, Manage body weight, Improve nutritional quality, Increase protein intake, Increase fruit and vegetable intake, Support fitness",Sri Lankan meals,No specific preference,Cook at home
STU_0195,24.0,156.0,56.0,23.01,7.0,0.5,15.0,0.0,5.0,37.5,3.0,3.0,3.0,46.0,3.0,"Improve overall fitness, Improve strength, Manage body weight, Maintain current wellbeing",Moderately active,No limitations,"Exercise mat, Resistance bands, Dumbbells / weights, Gym / fitness centre","Maintain healthy eating, Manage body weight, Increase protein intake, Support fitness",Sri Lankan meals,Non Vegetraian,Cook at home
STU_0196,8.0,88.0,65.0,83.94,7.0,0.5,15.0,0.0,5.0,37.5,3.0,3.0,7.0,31.0,3.0,"Improve strength, Manage body weight",Lightly active,Yes,"No equipment, Outdoor walking / running area, Resistance bands","Manage body weight, Increase fruit and vegetable intake",Sri Lankan meals,Vegetarian,University cafeteria / canteen
STU_0197,22.0,167.0,70.0,25.1,8.0,0.0,15.0,0.0,5.0,37.5,3.0,3.0,0.0,15.0,2.0,Improve overall fitness,Very inactive,No limitations,No equipment,"Maintain healthy eating, Manage body weight, Improve nutritional quality, Increase protein intake, Increase fruit and vegetable intake",Combination of both,No specific preference,Family-prepared meals
STU_0198,22.0,153.0,48.0,20.5,4.0,3.5,15.0,0.0,5.0,37.5,3.0,3.0,6.0,15.0,5.0,"Improve overall fitness, Increase physical activity, Improve sleep",Very active,No limitations,"Exercise mat, Dumbbells / weights","Maintain healthy eating, Manage body weight",Combination of both,Non Vegetraian,Family-prepared meals
STU_0199,20.0,5.8,68.0,20214.03,8.0,0.0,15.0,0.0,5.0,37.5,3.0,3.0,4.0,31.0,5.0,"Improve overall fitness, Increase physical activity, Improve strength, Improve sleep",Moderately active,Yes,No equipment,Maintain healthy eating,Sri Lankan meals,No specific preference,Family-prepared meals
STU_0200,24.0,182.88,90.0,26.91,6.0,1.5,15.0,0.0,5.0,37.5,3.0,3.0,0.0,31.0,3.0,"Improve overall fitness, Increase physical activity, Improve strength, Improve flexibility / mobility, Manage body weight, Improve sleep",Lightly active,No limitations,"Exercise mat, Dumbbells / weights","Maintain healthy eating, Manage body weight, Improve nutritional quality",Sri Lankan meals,No specific preference,Cook at home
STU_0201,22.0,165.0,43.0,15.79,6.0,1.5,15.0,0.0,5.0,37.5,3.0,3.0,0.0,60.0,3.0,"Manage body weight, Improve sleep",Very inactive,No limitations,"Outdoor walking / running area, Exercise mat, Gym / fitness centre","Maintain healthy eating, Manage body weight, Improve nutritional quality, Increase protein intake",Combination of both,Non Vegetraian,Family-prepared meals
STU_0202,23.0,153.0,47.0,20.08,6.0,1.5,15.0,0.0,5.0,37.5,3.0,3.0,3.0,46.0,3.0,"Improve overall fitness, Improve strength, Improve flexibility / mobility",Moderately active,No limitations,Outdoor walking / running area,"Increase protein intake, Increase fruit and vegetable intake",Combination of both,No specific preference,Combination
STU_0203,22.0,168.0,44.0,15.59,8.0,0.0,15.0,0.0,5.0,37.5,3.0,3.0,0.0,60.0,2.0,Gain weight ,Moderately active,No limitations,"No equipment, Outdoor walking / running area, Exercise mat",Manage body weight,Combination of both,No specific preference,Combination
STU_0204,24.0,175.0,55.0,17.96,6.0,1.5,15.0,0.0,5.0,37.5,3.0,3.0,5.0,60.0,5.0,"Improve overall fitness, Increase physical activity, Improve strength, Improve flexibility / mobility, Manage body weight, Improve sleep, Maintain current wellbeing",Very active,No limitations,Gym / fitness centre,"Maintain healthy eating, Increase protein intake, Increase fruit and vegetable intake, Support fitness",Combination of both,Non Vegetraian,Combination
STU_0205,20.0,154.0,54.0,22.77,6.0,1.5,15.0,0.0,5.0,37.5,3.0,3.0,0.0,31.0,3.0,"Improve overall fitness, Improve strength, Manage body weight, Maintain current wellbeing",Moderately active,No limitations,"No equipment, Outdoor walking / running area, Exercise mat","Maintain healthy eating, Manage body weight, Improve nutritional quality, Increase fruit and vegetable intake",Combination of both,No specific preference,University cafeteria / canteen
STU_0206,21.0,153.0,52.0,22.21,6.0,1.5,15.0,0.0,5.0,37.5,3.0,3.0,0.0,15.0,3.0,"Improve overall fitness, Improve sleep, Maintain current wellbeing",Very active,No limitations,Exercise mat,"Maintain healthy eating, Manage body weight, Increase fruit and vegetable intake",Sri Lankan meals,Non Vegetraian,Cook at home
STU_0207,22.0,152.0,65.0,28.13,8.0,0.0,15.0,0.0,5.0,37.5,3.0,3.0,1.0,15.0,5.0,"Improve overall fitness, Increase physical activity, Improve strength, Manage body weight",Lightly active,No limitations,"Outdoor walking / running area, Exercise mat","Maintain healthy eating, Manage body weight, Improve nutritional quality",Sri Lankan meals,No specific preference,Cook at home
STU_0208,21.0,155.0,55.0,22.89,9.0,0.0,15.0,0.0,5.0,37.5,3.0,3.0,2.0,60.0,3.0,Improve overall fitness,Moderately active,No limitations,No equipment,"Maintain healthy eating, Support fitness",Combination of both,No specific preference,Cook at home
STU_0209,22.0,154.0,67.0,28.25,5.0,2.5,15.0,0.0,5.0,37.5,3.0,3.0,1.0,15.0,5.0,"Improve overall fitness, Increase physical activity, Improve strength, Improve flexibility / mobility, Manage body weight, Maintain current wellbeing",Very inactive,No limitations,No equipment,"Maintain healthy eating, Manage body weight, Improve nutritional quality, Increase protein intake, Support fitness",Combination of both,No specific preference,Cook at home
STU_0210,23.0,158.0,70.0,28.04,5.0,2.5,15.0,0.0,5.0,37.5,3.0,3.0,1.0,31.0,5.0,Manage body weight,Lightly active,No limitations,Outdoor walking / running area,"Maintain healthy eating, Manage body weight",Sri Lankan meals,No specific preference,Family-prepared meals
