meal_name,num_ingredients,calories,prep_time,protein,fat,carbs,vegan,vegetarian,keto,paleo,gluten_free,mediterranean,is_healthy
Gluten-Free Pasta,0.2727272727272727,0.4909090909090909,0.84,0.7836791164816183,0.5979073292293274,0.4445718604904733,0,0,0,0,1,0,1
Grilled Salmon,0.9090909090909092,0.1581818181818181,0.7,0.1435880294901841,0.6520815495218811,0.0506091241647837,0,0,1,1,1,1,0
Lentil Soup,0.4545454545454545,0.7,0.4,0.6206374920193753,0.6127475610288435,0.0006883689503828,0,1,0,0,0,0,0
Chickpea Stew,0.9090909090909092,0.1054545454545454,0.82,0.0468933633740663,0.9757605996296852,0.2290256532339217,1,1,0,0,0,0,0
Turkey Lettuce Wraps,0.1818181818181818,0.4418181818181818,0.04,0.8643402019700046,0.6815746035272576,0.4492927819101209,0,0,1,1,1,1,0
Cauliflower Rice Bowl,0.2727272727272727,0.5727272727272728,0.26,0.8125327277358156,0.3049359717360003,0.092350853570445,1,1,0,1,1,0,1
Almond Flour Pancakes,1.0,0.6654545454545454,0.12,0.6131142429244506,0.8348464853860428,0.1689261452742643,0,1,1,1,1,0,0
Chickpea Stew,0.2727272727272727,0.7036363636363636,0.02,0.4273252274059647,0.2080207370012977,0.5678606966659067,1,1,0,0,0,0,1
Cauliflower Rice Bowl,0.8181818181818182,0.2927272727272727,0.18,0.8994061154953945,0.5989597903725732,0.9261651007275952,1,1,0,1,1,0,0
Vegan Curry,0.5454545454545454,0.4563636363636363,0.78,0.8488546083516119,0.7487557103648721,0.5395258601107095,1,1,0,0,0,0,0
Tofu Stir Fry,0.7272727272727273,0.2836363636363636,0.28,0.1661030631325829,0.0152318369702057,0.421878987199708,1,1,0,0,0,0,0
Quinoa Salad,1.0,0.8563636363636363,0.2,0.1998507701139256,0.7126870686240638,0.792930491158903,1,1,0,0,0,1,0
Mediterranean Wrap,0.8181818181818182,0.4181818181818181,0.8,0.9196417193314164,0.8517325129256483,0.448231975206608,0,0,0,0,0,1,0
Quinoa Salad,0.5454545454545454,0.7381818181818182,0.46,0.6693268402944578,0.5923409948895683,0.2714653462741048,1,1,0,0,0,1,0
Keto Omelette,0.0,0.8381818181818181,0.04,0.7646761773951315,0.5622449035627055,0.7734981161322768,0,0,1,0,1,0,0
Gluten-Free Pasta,0.9090909090909092,0.7127272727272728,0.28,0.429722607048519,0.025039160319839,0.1026893476696121,0,0,0,0,1,0,0
Gluten-Free Pasta,0.0,0.1727272727272727,0.06,0.9122105906290744,0.2494752991358435,0.4087086026708388,0,0,0,0,1,0,0
Grilled Salmon,0.2727272727272727,0.9527272727272728,0.62,0.601925948678716,0.6960884083390182,0.884275809212313,0,0,1,1,1,1,0
Vegetarian Pizza,0.7272727272727273,0.049090909090909,0.86,0.1875154678460743,0.8943598716403433,0.5391718890952869,0,1,0,0,0,0,0
Gluten-Free Pasta,0.0,0.6981818181818182,0.52,0.4292871548500221,0.8196281618068026,0.8643083708474789,0,0,0,0,1,0,0
Gluten-Free Pasta,0.4545454545454545,0.8272727272727273,0.52,0.4195406249150426,0.2222225121840234,0.1148029321846592,0,0,0,0,1,0,0
Lentil Soup,0.6363636363636364,0.6781818181818182,0.62,0.5214403204093901,0.7043431426061666,0.3614100288488382,0,1,0,0,0,0,0
Chickpea Stew,0.8181818181818182,0.4854545454545454,0.76,0.4997876936196097,0.3011911177732236,0.2817020554069785,1,1,0,0,0,0,1
Chickpea Stew,0.9090909090909092,0.2036363636363636,0.02,0.5052460694809017,0.0511643242643797,0.2754357883748146,1,1,0,0,0,0,0
Quinoa Salad,0.0,0.730909090909091,0.02,0.5336465804409141,0.4484654353248747,0.5528807708505465,1,1,0,0,0,1,0
Vegan Buddha Bowl,0.5454545454545454,0.3672727272727272,0.32,0.7319404001337115,0.3682642049780106,0.6332196508395695,1,1,0,0,1,0,1
Paleo Chicken Bowl,0.4545454545454545,0.9272727272727272,0.94,0.8024289367531422,0.1506527005747429,0.5076652182113695,0,0,1,1,1,0,0
Eggplant Parmesan,0.1818181818181818,0.730909090909091,0.5,0.5147083985007513,0.226621512555469,0.6462366695276998,0,1,0,0,0,1,0
Almond Flour Pancakes,0.7272727272727273,1.0,0.34,0.8419958598169651,0.6769455692551672,0.7373301143594055,0,1,1,1,1,0,0
Cauliflower Rice Bowl,0.5454545454545454,0.7527272727272727,0.58,0.699342075141106,0.2286809255442748,0.1705349651752047,1,1,0,1,1,0,0
Eggplant Parmesan,0.7272727272727273,0.0018181818181818,0.0,0.0935686900638979,0.8990283427613591,0.904458693606296,0,1,0,0,0,1,0
Keto Avocado Salad,0.7272727272727273,0.1781818181818182,0.36,0.7296681331684393,0.8989225794352305,0.8909715826599102,0,0,1,1,1,0,0
Quinoa Salad,0.6363636363636364,0.7618181818181818,0.74,0.6724084664319857,0.581703141745634,0.3701641091822101,1,1,0,0,0,1,0
Keto Omelette,0.7272727272727273,0.6127272727272727,0.02,0.6954329219050955,0.653157034112529,0.2204244686803087,0,0,1,0,1,0,1
Quinoa Salad,0.2727272727272727,0.7218181818181818,0.4,0.1797283743191311,0.366946551282129,0.7463889474854278,1,1,0,0,0,1,0
Keto Omelette,0.0,0.0581818181818181,0.94,0.0941436244431378,0.3681967059854321,0.2618349021822484,0,0,1,0,1,0,0
Shrimp Zoodles,0.4545454545454545,0.4163636363636364,0.88,0.4892274431524718,0.9079337131702192,0.4330000747742882,0,0,1,1,1,0,0
Quinoa Salad,1.0,0.8727272727272727,0.08,0.2313544229917088,0.500004946308139,0.5722147612706096,1,1,0,0,0,1,0
Chickpea Stew,0.0,0.3109090909090909,0.54,0.4723436323861255,0.2798195354865603,0.8873372848441404,1,1,0,0,0,0,0
Keto Avocado Salad,0.3636363636363636,0.5072727272727273,0.56,0.4303690362605235,0.968642041712772,0.9683976958705834,0,0,1,1,1,0,0
Quinoa Salad,0.2727272727272727,0.3454545454545454,0.4,0.1918787092748227,0.2687061708053387,0.4844790276924101,1,1,0,0,0,1,0
Cauliflower Rice Bowl,0.7272727272727273,0.5854545454545454,0.78,0.0707656707816095,0.2090002490217749,0.6725102754082589,1,1,0,1,1,0,0
Chicken Stir Fry,0.9090909090909092,0.889090909090909,0.02,0.3241937534879258,0.8503602875987724,0.1317543100592486,0,0,1,1,1,0,0
Eggplant Parmesan,0.5454545454545454,0.8654545454545455,0.82,0.8135014794244672,0.8117069187715653,0.8707240656507488,0,1,0,0,0,1,0
Tofu Stir Fry,1.0,0.9181818181818182,0.12,0.504077376148056,0.7998589804810996,0.6510836858084913,1,1,0,0,0,0,0
Shrimp Zoodles,1.0,0.8545454545454545,0.28,0.3774979967313926,0.0937744075313627,0.5785638952304525,0,0,1,1,1,0,0
Greek Yogurt Parfait,0.7272727272727273,0.3436363636363636,0.42,0.5938525375858948,0.0301330624388263,0.0313234101299667,0,1,0,0,0,1,0
Paleo Chicken Bowl,0.4545454545454545,0.8054545454545454,0.72,0.5249106707368519,0.7714861765853407,0.211877659971957,0,0,1,1,1,0,0
Mediterranean Wrap,0.5454545454545454,0.3545454545454545,0.1,0.05193515367947,0.5322470829014849,0.5404798467935364,0,0,0,0,0,1,0
Vegan Curry,0.2727272727272727,0.4872727272727272,0.98,0.5189372718778147,0.3233248070399587,0.7979995813544613,1,1,0,0,0,0,0
Greek Yogurt Parfait,1.0,0.1036363636363636,0.5,0.0254690981516412,0.964625561319529,0.839269259768347,0,1,0,0,0,1,0
Keto Avocado Salad,1.0,0.1036363636363636,0.0,0.4446097998559926,0.2399465245849063,0.0885077264655599,0,0,1,1,1,0,0
Vegan Curry,0.3636363636363636,0.4927272727272727,0.76,0.6604706116501335,0.4363247123511982,0.7320929380426204,1,1,0,0,0,0,0
Keto Omelette,1.0,0.2781818181818182,0.3,0.1594486086265854,0.1200229644872397,0.3394064380207787,0,0,1,0,1,0,0
Mediterranean Wrap,0.0,0.1690909090909091,0.9,0.9845237179392906,0.1753273270160692,0.0109008945222453,0,0,0,0,0,1,0
Eggplant Parmesan,0.3636363636363636,1.0,0.7,0.1740787001322911,0.4344988825050697,0.3966918865469099,0,1,0,0,0,1,0
Vegetarian Pizza,0.4545454545454545,0.18,0.66,0.2622203117888634,0.0148991358818564,0.9378620146219412,0,1,0,0,0,0,0
Quinoa Salad,0.6363636363636364,0.5890909090909091,0.88,0.1637585853770523,0.0703023313764202,0.6434510449264644,1,1,0,0,0,1,0
Chickpea Stew,1.0,0.289090909090909,0.52,0.8050464658275763,0.6784275123062817,0.5735934976668106,1,1,0,0,0,0,0
Quinoa Salad,0.0,0.7745454545454545,0.72,0.6291390428111072,0.8220463059835151,0.652622263455708,1,1,0,0,0,1,0
Grilled Salmon,1.0,0.5163636363636364,0.24,0.215678266300184,0.3777639873142733,0.0329571877133966,0,0,1,1,1,1,0
Cauliflower Rice Bowl,0.1818181818181818,0.1618181818181818,0.14,0.3873620091229001,0.6828840188042741,0.338136703396547,1,1,0,1,1,0,0
Greek Yogurt Parfait,0.7272727272727273,0.3545454545454545,0.98,0.6321576257696742,0.879234943209541,0.7371833470033119,0,1,0,0,0,1,0
Vegan Buddha Bowl,0.8181818181818182,0.8290909090909091,0.46,0.8109621027116014,0.9925523477588564,0.4109694190082566,1,1,0,0,1,0,0
Cauliflower Rice Bowl,0.0,0.1727272727272727,0.46,0.8715532163133535,0.5628358807041425,0.2349191117868987,1,1,0,1,1,0,0
Tofu Stir Fry,0.5454545454545454,0.3927272727272727,0.68,0.103641199288479,0.904378914310764,0.5046844519470917,1,1,0,0,0,0,0
Eggplant Parmesan,0.7272727272727273,0.62,0.24,0.9001055634147063,0.3897366182112346,0.0045036979368649,0,1,0,0,0,1,0
Keto Avocado Salad,0.1818181818181818,0.1363636363636363,0.16,0.3209400203973934,0.952007459026324,0.9552331056570372,0,0,1,1,1,0,0
Greek Yogurt Parfait,0.8181818181818182,0.6654545454545454,0.3,0.450734350659762,0.293504295948263,0.3260371974235604,0,1,0,0,0,1,1
Vegan Buddha Bowl,0.3636363636363636,0.2727272727272727,0.3,0.7936571851913071,0.0909915895647204,0.4937260569346637,1,1,0,0,1,0,1
Gluten-Free Pasta,0.8181818181818182,0.24,0.68,0.8922464060140983,0.351353661823255,0.1119719459562402,0,0,0,0,1,0,0
Lentil Soup,0.7272727272727273,0.1327272727272727,0.86,0.871304042679061,0.8401456312268497,0.4246003531714113,0,1,0,0,0,0,0
Vegan Curry,0.8181818181818182,0.7127272727272728,0.98,0.8964606406945672,0.1465296348864118,0.5128524075561274,1,1,0,0,0,0,0
Paleo Chicken Bowl,0.1818181818181818,0.9,0.88,0.372531844852244,0.8143998470206317,0.9518353673201272,0,0,1,1,1,0,0
Tofu Stir Fry,0.2727272727272727,0.1254545454545454,0.6,0.4841262425879206,0.3784943263889385,0.7068469526159542,1,1,0,0,0,0,0
Vegetarian Pizza,0.8181818181818182,0.9636363636363636,0.76,0.4366688856792282,0.2538762844839985,0.403467345737865,0,1,0,0,0,0,0
Almond Flour Pancakes,1.0,0.8272727272727273,0.8,0.7480177643111182,0.6823083327214677,0.233816006806607,0,1,1,1,1,0,0
Chickpea Stew,0.7272727272727273,0.2109090909090909,0.1,0.8062123707314769,0.979916174512294,0.5560290130386976,1,1,0,0,0,0,0
Turkey Lettuce Wraps,0.3636363636363636,0.1436363636363636,0.4,0.9980470057572,0.0735382666079514,0.5538531759681896,0,0,1,1,1,1,0
Almond Flour Pancakes,0.7272727272727273,0.7290909090909091,0.92,0.6326157553322617,0.6970545881110127,0.4533817317072278,0,1,1,1,1,0,0
Keto Omelette,0.5454545454545454,0.02,0.18,0.9552753954518636,0.8920588846220989,0.4545104312592177,0,0,1,0,1,0,0
Vegan Curry,0.8181818181818182,0.6309090909090909,0.7,0.4660654808292268,0.3537970068457954,0.5840025624901524,1,1,0,0,0,0,1
Mediterranean Wrap,0.7272727272727273,0.9109090909090908,0.32,0.2811869980189425,0.4117970025936862,0.6033513839151079,0,0,0,0,0,1,0
Eggplant Parmesan,0.1818181818181818,0.4581818181818182,0.1,0.9546606873123832,0.7271007835309775,0.61410870715979,0,1,0,0,0,1,0
Chicken Stir Fry,0.8181818181818182,0.4381818181818182,0.88,0.1656681655711411,0.4118455200211275,0.780210600755417,0,0,1,1,1,0,0
Cauliflower Rice Bowl,0.0,0.5109090909090909,0.48,0.9748783590328032,0.8437929404972173,0.8416452339569379,1,1,0,1,1,0,0
Chicken Stir Fry,0.7272727272727273,0.1781818181818182,0.0,0.0137304074916475,0.075104691870494,0.6933210603731792,0,0,1,1,1,0,0
Mediterranean Wrap,0.3636363636363636,0.7927272727272727,0.44,0.7729206220552322,0.9466979019265382,0.8530959222979657,0,0,0,0,0,1,0
Chickpea Stew,0.3636363636363636,0.14,0.16,0.1298103078170294,0.9560065516415268,0.6067837037782318,1,1,0,0,0,0,0
Quinoa Salad,0.0,0.8854545454545455,0.62,0.0471253519779162,0.2689042929637835,0.0159831221255621,1,1,0,0,0,1,0
Chicken Stir Fry,0.4545454545454545,0.2127272727272727,0.04,0.5228202426418167,0.8538808248620364,0.5518830185664882,0,0,1,1,1,0,0
Mediterranean Wrap,0.9090909090909092,0.7272727272727273,0.94,0.4824969058135217,0.4211495227818489,0.7873589868347889,0,0,0,0,0,1,0
Shrimp Zoodles,0.0909090909090909,0.1345454545454545,1.0,0.9077725243230548,0.618372223063846,0.9854368697433212,0,0,1,1,1,0,0
Cauliflower Rice Bowl,0.0909090909090909,0.6072727272727273,0.52,0.0914572368488425,0.7277800117529234,0.547370466447601,1,1,0,1,1,0,0
Quinoa Salad,0.6363636363636364,0.6072727272727273,0.58,0.6252663072226167,0.8640886413424379,0.9541339109721916,1,1,0,0,0,1,0
Vegan Buddha Bowl,0.8181818181818182,0.3327272727272727,0.32,0.4946291525825531,0.2584499727885913,0.458030008036168,1,1,0,0,1,0,1
Chicken Stir Fry,0.4545454545454545,0.0945454545454545,0.02,0.3304264098438134,0.6345499498758237,0.2364859329301049,0,0,1,1,1,0,0
Greek Yogurt Parfait,0.7272727272727273,0.3309090909090909,0.3,0.152670259073863,0.1387324252107518,0.6418884986482202,0,1,0,0,0,1,0
Vegan Curry,0.2727272727272727,0.509090909090909,0.04,0.878791155037352,0.516087968296907,0.9779987480074744,1,1,0,0,0,0,0
Greek Yogurt Parfait,0.1818181818181818,0.0072727272727272,0.34,0.2800078115357036,0.1770117671093287,0.0832766670181425,0,1,0,0,0,1,0
Quinoa Salad,0.3636363636363636,0.4218181818181818,0.22,0.2073805148331882,0.3647420974982781,0.5028279487736507,1,1,0,0,0,1,0
Tofu Stir Fry,0.9090909090909092,0.1309090909090909,0.5,0.8034996755271538,0.6290356514900902,0.0762521877245404,1,1,0,0,0,0,0
Grilled Salmon,0.0,0.0454545454545454,0.7,0.8103253935936929,0.749697653636829,0.1802126204650697,0,0,1,1,1,1,0
Turkey Lettuce Wraps,0.6363636363636364,0.9545454545454546,0.5,0.7638422816687136,0.5321579817814838,0.7224586194235925,0,0,1,1,1,1,0
Shrimp Zoodles,0.9090909090909092,0.5654545454545454,1.0,0.7169973709933337,0.8970143701006165,0.5111844529679427,0,0,1,1,1,0,0
Turkey Lettuce Wraps,1.0,0.4963636363636363,0.74,0.5353378957342751,0.2426364171173634,0.2659228913750313,0,0,1,1,1,1,0
Mediterranean Wrap,1.0,0.069090909090909,0.32,0.2125210396969865,0.327877106497823,0.114698492702461,0,0,0,0,0,1,0
Chickpea Stew,0.2727272727272727,0.0436363636363636,0.06,0.3569142920093464,0.6500107218394505,0.4787148058045823,1,1,0,0,0,0,0
Vegan Buddha Bowl,0.4545454545454545,0.06,0.92,0.7492518802480128,0.4323012664011984,0.1226078418542421,1,1,0,0,1,0,0
Keto Avocado Salad,0.3636363636363636,0.94,0.5,0.6106602828844354,0.2445238037792914,0.4975980864448143,0,0,1,1,1,0,0
Paleo Chicken Bowl,0.3636363636363636,0.6836363636363636,0.64,0.0075613199349521,0.2254556102047553,0.3631573895405744,0,0,1,1,1,0,0
Eggplant Parmesan,0.2727272727272727,0.6345454545454545,0.2,0.0883267931411545,0.8074477259203481,0.0498421933944612,0,1,0,0,0,1,0
Keto Avocado Salad,0.5454545454545454,0.44,0.6,0.4124904660698412,0.9844053846174012,0.1068851921138964,0,0,1,1,1,0,0
Chicken Stir Fry,0.2727272727272727,0.1345454545454545,0.06,0.005315500960406,0.9770755424922682,0.4900117129093639,0,0,1,1,1,0,0
Paleo Chicken Bowl,0.1818181818181818,0.8,0.02,0.5596073892279524,0.5726063890201972,0.2767839593771756,0,0,1,1,1,0,0
Lentil Soup,0.3636363636363636,0.5909090909090909,0.5,0.3253280147097274,0.426062507795746,0.5070699580563641,0,1,0,0,0,0,1
Chickpea Stew,1.0,0.0,0.5,0.7717065117265635,0.0870658176358924,0.505545967320498,1,1,0,0,0,0,0
Vegan Buddha Bowl,0.9090909090909092,0.4690909090909091,0.64,0.3711129374585116,0.4549665521334632,0.5485407686113855,1,1,0,0,1,0,0
Vegetarian Pizza,1.0,0.0218181818181818,0.78,0.8140174029774656,0.2548371759350487,0.6829902933933991,0,1,0,0,0,0,0
Chickpea Stew,0.7272727272727273,0.9981818181818182,0.68,0.3506462644380192,0.9314229965813372,0.8338460285843853,1,1,0,0,0,0,0
Lentil Soup,0.0909090909090909,0.6054545454545455,0.2,0.9431424438912503,0.1812449687079227,0.0608114235781721,0,1,0,0,0,0,0
Vegan Curry,0.4545454545454545,0.6327272727272727,0.14,0.8321765250474308,0.7519455271934714,0.8024012596060809,1,1,0,0,0,0,0
Keto Omelette,0.3636363636363636,0.2981818181818181,0.08,0.2368891490168602,0.6349085589113285,0.9119936288756576,0,0,1,0,1,0,0
Tofu Stir Fry,0.8181818181818182,0.16,0.34,0.8207768957756011,0.4397954291297233,0.3748801379470416,1,1,0,0,0,0,0
Greek Yogurt Parfait,0.4545454545454545,0.04,0.28,0.5804370779376099,0.3558122863110962,0.3895873621133586,0,1,0,0,0,1,0
Chicken Stir Fry,0.3636363636363636,0.1872727272727272,1.0,0.545622430224326,0.432169532831789,0.3302368511486684,0,0,1,1,1,0,1
Greek Yogurt Parfait,0.6363636363636364,0.8127272727272727,0.28,0.8831247835822159,0.4962257119721346,0.7436477351499083,0,1,0,0,0,1,0
Vegan Buddha Bowl,0.4545454545454545,0.8,0.64,0.7105955727769846,0.7800861370079677,0.1383368469842704,1,1,0,0,1,0,0
Vegan Buddha Bowl,0.4545454545454545,0.9472727272727272,0.08,0.8812517453352418,0.3424981825037753,0.8243747414301994,1,1,0,0,1,0,0
Turkey Lettuce Wraps,0.2727272727272727,0.3909090909090909,0.28,0.8013737922890523,0.1498505716806695,0.2254646572352667,0,0,1,1,1,1,1
Lentil Soup,0.0909090909090909,0.7454545454545455,0.6,0.6015010146117706,0.5664866945738731,0.7180710533480074,0,1,0,0,0,0,0
Mediterranean Wrap,0.2727272727272727,0.0181818181818181,0.18,0.3442697103395464,0.2274788712182495,0.4220766475219851,0,0,0,0,0,1,0
Shrimp Zoodles,0.9090909090909092,0.7181818181818181,0.5,0.5892254934698934,0.5067170838520116,0.6121248772687099,0,0,1,1,1,0,0
Turkey Lettuce Wraps,0.6363636363636364,0.8345454545454546,0.86,0.5680206193489986,0.6979589918546448,0.9267975375493628,0,0,1,1,1,1,0
Vegan Curry,0.8181818181818182,0.6854545454545454,0.16,0.4262947649302447,0.7378524832435767,0.9388035755302032,1,1,0,0,0,0,0
Grilled Salmon,0.5454545454545454,0.7345454545454545,0.5,0.8431899346893642,0.1245323103496248,0.9251207086761228,0,0,1,1,1,1,0
Greek Yogurt Parfait,0.6363636363636364,0.7818181818181819,0.16,0.7480559541247424,0.2056529424915534,0.7905170170573346,0,1,0,0,0,1,0
Keto Avocado Salad,0.1818181818181818,0.4418181818181818,0.48,0.8679362896022432,0.924837563447504,0.4646709299920195,0,0,1,1,1,0,0
Chicken Stir Fry,0.9090909090909092,0.96,0.84,0.033003479044054,0.9146011146468828,0.2446609982333986,0,0,1,1,1,0,0
Gluten-Free Pasta,0.2727272727272727,0.9090909090909092,0.46,0.3130593323888512,0.7820147437429052,0.2743641429477412,0,0,0,0,1,0,0
Cauliflower Rice Bowl,0.3636363636363636,0.0872727272727272,0.12,0.9805341429594464,0.4596994411924502,0.5573445081808439,1,1,0,1,1,0,0
Vegan Curry,0.0,0.5927272727272728,0.0,0.3115152065967895,0.3978734676120102,0.4253059171310426,1,1,0,0,0,0,0
Greek Yogurt Parfait,0.0,0.7781818181818182,0.56,0.4744769515654414,0.5658178024833904,0.0600146100541936,0,1,0,0,0,1,0
Shrimp Zoodles,0.1818181818181818,0.3163636363636363,0.98,0.527068694155684,0.4414273614789347,0.3989765503982067,0,0,1,1,1,0,1
Paleo Chicken Bowl,0.1818181818181818,0.4781818181818182,0.56,0.0758790012137313,0.7546967250255607,0.2690171858591795,0,0,1,1,1,0,0
Greek Yogurt Parfait,0.0909090909090909,0.6890909090909091,0.64,0.0255048930871539,0.156101423026983,0.7178617951552129,0,1,0,0,0,1,0
Vegan Curry,0.0,0.5672727272727273,0.04,0.2322485146138727,0.6731386454957463,0.0134800628357985,1,1,0,0,0,0,0
Turkey Lettuce Wraps,0.3636363636363636,0.0909090909090909,0.64,0.5595658690863874,0.7221820319240847,0.808246479142922,0,0,1,1,1,1,0
Shrimp Zoodles,0.6363636363636364,0.8909090909090909,0.3,0.399209384553974,0.669321462411526,0.2009145462267088,0,0,1,1,1,0,0
Eggplant Parmesan,0.0909090909090909,0.0109090909090909,0.18,0.0859354947176287,0.2079651899298142,0.0203812855513316,0,1,0,0,0,1,0
Greek Yogurt Parfait,0.2727272727272727,0.5163636363636364,0.34,0.8972394177264107,0.8190555210555595,0.3393433962632611,0,1,0,0,0,1,0
Vegetarian Pizza,0.0909090909090909,0.8545454545454545,0.22,0.8349040652880965,0.3456164012537934,0.7763988993135977,0,1,0,0,0,0,0
Keto Avocado Salad,0.0909090909090909,0.0945454545454545,0.86,0.2206249184559398,0.9765543372134778,0.7823922415421184,0,0,1,1,1,0,0
Chickpea Stew,0.8181818181818182,0.2854545454545454,0.9,0.4734703214985318,0.182121239639235,0.4839716718193528,1,1,0,0,0,0,1
Chickpea Stew,0.7272727272727273,0.4290909090909091,0.48,0.2591989534349999,0.1392626568107531,0.838207131953631,1,1,0,0,0,0,0
Vegan Buddha Bowl,0.8181818181818182,0.8018181818181818,0.56,0.1725483052225074,0.2725482790196375,0.0121448089575101,1,1,0,0,1,0,0
Cauliflower Rice Bowl,0.3636363636363636,0.0745454545454545,0.7,0.5006342619639971,0.0669004496900955,0.4035138834663543,1,1,0,1,1,0,0
Paleo Chicken Bowl,0.8181818181818182,0.62,0.4,0.2650248046865766,0.2667247365195233,0.7342632187155199,0,0,1,1,1,0,0
Chicken Stir Fry,1.0,0.8254545454545454,0.18,0.919091179862588,0.4193798294306279,0.3811464744639523,0,0,1,1,1,0,0
Shrimp Zoodles,0.0909090909090909,0.6581818181818182,0.0,0.0832117302059907,0.6042251300322796,0.2417501087182336,0,0,1,1,1,0,0
Grilled Salmon,0.6363636363636364,0.0181818181818181,0.7,0.7227229123804886,0.2974250758197576,0.5665498983931637,0,0,1,1,1,1,0
Chicken Stir Fry,0.5454545454545454,0.7363636363636363,0.08,0.4862249077488791,0.2701461487381189,0.5396782635208908,0,0,1,1,1,0,0
Greek Yogurt Parfait,0.1818181818181818,0.4418181818181818,0.84,0.8507382226012336,0.957194818075713,0.1500156341944385,0,1,0,0,0,1,0
Keto Avocado Salad,0.8181818181818182,0.8163636363636364,0.16,0.0755115437116019,0.7295762414554898,0.4948095589395886,0,0,1,1,1,0,0
Grilled Salmon,0.6363636363636364,0.0745454545454545,0.48,0.2476543799067384,0.8207184487295894,0.8022785935739576,0,0,1,1,1,1,0
Lentil Soup,0.1818181818181818,0.8672727272727273,0.74,0.5932468525835218,0.361437844105885,0.0861897887599375,0,1,0,0,0,0,0
Chickpea Stew,0.0,0.5981818181818181,0.96,0.1860709653292212,0.5428199224867338,0.8766660819082914,1,1,0,0,0,0,0
Vegan Curry,0.3636363636363636,0.1454545454545454,0.44,0.7278062810278382,0.6383903095471527,0.9855522752134962,1,1,0,0,0,0,0
Cauliflower Rice Bowl,0.7272727272727273,0.4854545454545454,0.28,0.6967195021330737,0.051281674065131,0.6712699244946153,1,1,0,1,1,0,1
Vegetarian Pizza,0.5454545454545454,0.7272727272727273,0.44,0.5586461717779415,0.4739563371167553,0.3100431305775092,0,1,0,0,0,0,1
Turkey Lettuce Wraps,0.3636363636363636,0.9418181818181818,0.16,0.1935753653237945,0.1151280582199519,0.4202210537348876,0,0,1,1,1,1,0
Cauliflower Rice Bowl,0.2727272727272727,0.7290909090909091,0.82,0.6478414770456693,0.6513586134074609,0.3624901271910797,1,1,0,1,1,0,0
Lentil Soup,1.0,0.1763636363636363,0.04,0.6998490391230736,0.3402858475355695,0.7267589027917558,0,1,0,0,0,0,0
Lentil Soup,0.5454545454545454,0.9563636363636364,0.96,0.5411517926977618,0.662875329695835,0.7400005464962032,0,1,0,0,0,0,0
Quinoa Salad,0.8181818181818182,0.1945454545454545,0.02,0.0245142629934795,0.8718432602835308,0.0150571160413526,1,1,0,0,0,1,0
Tofu Stir Fry,0.0909090909090909,0.7545454545454545,0.62,0.8028692950482553,1.0,0.3483415902858888,1,1,0,0,0,0,0
Chickpea Stew,0.3636363636363636,0.4927272727272727,0.86,0.9891201176777196,0.7697617112351994,0.4161785748852046,1,1,0,0,0,0,0
Gluten-Free Pasta,0.2727272727272727,0.7054545454545454,0.0,0.2399903768040957,0.1103080583105328,0.3522975362187641,0,0,0,0,1,0,0
Cauliflower Rice Bowl,0.2727272727272727,0.2636363636363636,0.72,0.0422974330318805,0.0174749923009366,0.9927811990711736,1,1,0,1,1,0,0
Keto Avocado Salad,0.0,0.6236363636363637,0.06,0.2193618346978662,0.9519064224582456,0.7890552921417014,0,0,1,1,1,0,0
Grilled Salmon,1.0,0.7981818181818182,0.9,0.603868844809175,0.9055529200003825,0.9942607755562772,0,0,1,1,1,1,0
Gluten-Free Pasta,0.2727272727272727,0.5618181818181818,1.0,0.5153069058872254,0.2308060466943302,0.1721264161705697,0,0,0,0,1,0,1
Keto Avocado Salad,0.0,0.9181818181818182,0.04,0.8304324321414119,0.8023397119831389,0.6306622619218721,0,0,1,1,1,0,0
Chickpea Stew,0.7272727272727273,0.1781818181818182,0.38,1.0,0.173888697297702,0.3944027824926411,1,1,0,0,0,0,0
Cauliflower Rice Bowl,0.0909090909090909,0.1109090909090909,0.32,0.1546736970725408,0.8174410340912642,0.2205977283766302,1,1,0,1,1,0,0
Turkey Lettuce Wraps,0.7272727272727273,0.5963636363636363,0.06,0.5830503525318133,0.0912730299551034,0.8812337644436307,0,0,1,1,1,1,0
Keto Omelette,0.9090909090909092,0.9818181818181818,0.16,0.0445926211376016,0.853892888153332,0.0293751302260081,0,0,1,0,1,0,0
Turkey Lettuce Wraps,0.6363636363636364,0.9745454545454544,0.08,0.7389725970571147,0.2816547582372453,0.2491352279033373,0,0,1,1,1,1,0
Paleo Chicken Bowl,0.6363636363636364,0.4545454545454545,0.08,0.0490221467439645,0.5334981091472416,0.9668822211342012,0,0,1,1,1,0,0
Eggplant Parmesan,1.0,0.2054545454545454,0.78,0.887423879122113,0.5169330539180217,0.9106254455793368,0,1,0,0,0,1,0
Keto Omelette,0.6363636363636364,0.0709090909090909,0.66,0.5465567964379114,0.8662231677272764,0.7360086807192487,0,0,1,0,1,0,0
Greek Yogurt Parfait,0.6363636363636364,0.1654545454545454,0.64,0.1581361220014903,0.1603596133891294,0.3314438582368131,0,1,0,0,0,1,0
Tofu Stir Fry,0.7272727272727273,0.3072727272727272,0.7,0.621773156826638,0.7541658119495649,0.1539944661761362,1,1,0,0,0,0,0
Grilled Salmon,0.8181818181818182,0.0545454545454545,0.44,0.0051598710114976,0.8215651726150649,0.22483112017654,0,0,1,1,1,1,0
Gluten-Free Pasta,0.0909090909090909,0.6454545454545455,0.02,0.8363913273868977,0.5083001100200697,0.0,0,0,0,0,1,0,0
Tofu Stir Fry,0.9090909090909092,0.2036363636363636,0.8,0.6350430325806796,0.260013086892665,0.6349393478383248,1,1,0,0,0,0,0
Tofu Stir Fry,0.1818181818181818,0.5909090909090909,0.36,0.7649202771193905,0.5421839583597848,0.9677623990024116,1,1,0,0,0,0,0
Turkey Lettuce Wraps,0.3636363636363636,0.5036363636363637,0.06,0.1746331352625743,0.7723488963075851,0.9518852532728136,0,0,1,1,1,1,0
Chickpea Stew,1.0,0.7272727272727273,0.18,0.4759916255017076,0.0576222343443059,0.0691051835942031,1,1,0,0,0,0,0
Cauliflower Rice Bowl,0.0909090909090909,0.4890909090909091,0.92,0.9738364990462764,0.7510932962039958,0.1251430042848911,1,1,0,1,1,0,0
Lentil Soup,0.5454545454545454,0.0509090909090909,0.2,0.825715609980828,0.3723247881643743,0.8218742547583323,0,1,0,0,0,0,0
Grilled Salmon,0.8181818181818182,0.9763636363636364,0.66,0.2750186751708187,0.9991883534703404,0.4246912279557476,0,0,1,1,1,1,0
Tofu Stir Fry,0.7272727272727273,0.069090909090909,0.28,0.7988752230313957,0.694982927793924,0.2168839573527292,1,1,0,0,0,0,0
Chicken Stir Fry,0.2727272727272727,0.0381818181818181,0.2,0.2746496524648066,0.952811070221954,0.1463592344868217,0,0,1,1,1,0,0
Turkey Lettuce Wraps,0.3636363636363636,0.1509090909090909,0.1,0.7639816625430192,0.4429672399699827,0.3091297350358132,0,0,1,1,1,1,0
Paleo Chicken Bowl,0.0909090909090909,0.2945454545454545,0.96,0.6549981782540194,0.3690092851434506,0.8679783445152908,0,0,1,1,1,0,0
Eggplant Parmesan,0.9090909090909092,0.1072727272727272,0.9,0.2047345411511517,0.0909498722672513,0.1489897046606193,0,1,0,0,0,1,0
Shrimp Zoodles,0.0909090909090909,0.36,0.04,0.8008737020066874,0.294463904936825,0.9160098317528084,0,0,1,1,1,0,0
Keto Omelette,0.2727272727272727,0.9563636363636364,0.48,0.0012264600326253,0.5993881513005113,0.6079287171885789,0,0,1,0,1,0,0
Almond Flour Pancakes,0.2727272727272727,0.9454545454545454,0.74,0.2266854677234549,0.1607860469186352,0.652657363024456,0,1,1,1,1,0,0
Chicken Stir Fry,0.6363636363636364,0.7163636363636363,0.24,0.1503362961207525,0.4653231578656369,0.6819319976021642,0,0,1,1,1,0,0
Cauliflower Rice Bowl,0.4545454545454545,0.9872727272727272,0.2,0.6985354450340586,0.8618416929307945,0.7824855310797734,1,1,0,1,1,0,0
Vegan Curry,0.9090909090909092,0.3872727272727272,1.0,0.1054567752291922,0.2422098592518552,0.9917090428945392,1,1,0,0,0,0,0
Turkey Lettuce Wraps,0.4545454545454545,0.1545454545454545,0.54,0.7060569176345555,0.560612293799513,0.0034244524430712,0,0,1,1,1,1,0
Quinoa Salad,0.0909090909090909,0.4072727272727273,0.64,0.8870491834278299,0.0822721467439488,0.8276694648932064,1,1,0,0,0,1,0
Gluten-Free Pasta,0.0909090909090909,0.3,0.76,0.2018778014746185,0.6944934148081318,0.8245603039135557,0,0,0,0,1,0,0
Vegetarian Pizza,0.5454545454545454,0.7763636363636364,0.96,0.9564197261796568,0.1240884824562949,0.900212995146428,0,1,0,0,0,0,0
Keto Avocado Salad,0.4545454545454545,0.1309090909090909,0.76,0.6160768807542657,0.2991435576392357,0.9396481117890528,0,0,1,1,1,0,0
Vegan Curry,0.0909090909090909,0.5763636363636364,0.38,0.3411798757687118,0.8164304877188774,0.074588827107722,1,1,0,0,0,0,0
Almond Flour Pancakes,0.2727272727272727,0.7072727272727273,0.42,0.4546269804508054,0.6447523853085416,0.5260814023107193,0,1,1,1,1,0,1
Vegetarian Pizza,0.9090909090909092,0.02,0.44,0.6536184971183012,0.4800404105497075,0.6164626694044429,0,1,0,0,0,0,0
Greek Yogurt Parfait,0.5454545454545454,0.6454545454545455,0.88,0.1830404851780092,0.7912406881977112,0.659929504229907,0,1,0,0,0,1,0
Greek Yogurt Parfait,1.0,0.9963636363636365,0.62,0.5452498537700657,0.4940735332438128,0.0760169333393843,0,1,0,0,0,1,0
Greek Yogurt Parfait,0.1818181818181818,0.8072727272727273,0.56,0.420534482898326,0.2036463806548621,0.8437937028544528,0,1,0,0,0,1,0
Chickpea Stew,0.3636363636363636,0.2872727272727273,0.46,0.4276644185305643,0.346361117166623,0.3689055976112201,1,1,0,0,0,0,1
Almond Flour Pancakes,1.0,0.2745454545454545,0.98,0.8714676686066588,0.5796868707211192,0.4372703558205909,0,1,1,1,1,0,0
Chicken Stir Fry,0.2727272727272727,0.6072727272727273,0.66,0.7970122606772766,0.6562127793010811,0.997243567405748,0,0,1,1,1,0,0
Lentil Soup,0.1818181818181818,0.4290909090909091,0.34,0.6347884261933693,0.7345128920989995,0.1266417263981565,0,1,0,0,0,0,0
Vegan Curry,0.2727272727272727,0.8672727272727273,0.44,0.6357737683282744,0.3733424490909406,0.5121331525709617,1,1,0,0,0,0,0
Mediterranean Wrap,0.3636363636363636,0.5763636363636364,0.92,0.5959483736019028,0.5804282212968455,0.6638886483495328,0,0,0,0,0,1,1
Gluten-Free Pasta,0.4545454545454545,0.2618181818181818,0.48,0.9743737079089708,0.2583387381396331,0.6579354055022779,0,0,0,0,1,0,0
Quinoa Salad,0.6363636363636364,0.8345454545454546,0.7,0.9747845273977094,0.454486918053943,0.2323430183995204,1,1,0,0,0,1,0
Keto Omelette,0.4545454545454545,0.4890909090909091,0.3,0.5224286916833177,0.3374068377106099,0.8320897403666785,0,0,1,0,1,0,0
Quinoa Salad,0.3636363636363636,0.5,0.14,0.6202992426343819,0.7081108525407217,0.1625296616524858,1,1,0,0,0,1,0
Almond Flour Pancakes,1.0,0.2181818181818181,0.84,0.7401680590125063,0.6650300878160998,0.4737058369144014,0,1,1,1,1,0,0
Chickpea Stew,0.6363636363636364,0.2818181818181818,0.92,0.8727138130847455,0.2059150015726761,0.1067645182272359,1,1,0,0,0,0,0
Cauliflower Rice Bowl,0.0909090909090909,0.9272727272727272,0.72,0.9413987800324576,0.0389985938690328,0.1170736555296029,1,1,0,1,1,0,0
Paleo Chicken Bowl,0.3636363636363636,0.1054545454545454,0.08,0.1038272370784875,0.58569724063143,0.6897736347072912,0,0,1,1,1,0,0
Almond Flour Pancakes,0.3636363636363636,0.4381818181818182,0.46,0.6894750523486005,0.0169796049892675,0.3204387710318377,0,1,1,1,1,0,1
Gluten-Free Pasta,0.6363636363636364,0.8981818181818182,0.84,0.4913426661506882,0.668097512900458,0.134819569372252,0,0,0,0,1,0,0
Tofu Stir Fry,0.2727272727272727,0.6090909090909091,0.98,0.2028772648083377,0.6746822075110515,0.9747631451427196,1,1,0,0,0,0,0
Quinoa Salad,0.5454545454545454,0.6381818181818182,0.74,0.8725841250456077,0.1771514226297084,0.6942432462962969,1,1,0,0,0,1,0
Grilled Salmon,0.8181818181818182,0.7509090909090909,0.98,0.2453880702714466,0.8325229359707721,0.8682318530514035,0,0,1,1,1,1,0
Chickpea Stew,1.0,0.6254545454545455,0.9,0.923378914724239,0.6016761686067642,0.9453878195975988,1,1,0,0,0,0,0
Shrimp Zoodles,0.3636363636363636,0.5509090909090909,0.08,0.5801344994394294,0.3490064280761409,0.1546847638069998,0,0,1,1,1,0,1
Paleo Chicken Bowl,0.7272727272727273,0.2909090909090909,0.8,0.9984210560790902,0.7538762084877179,0.0850765777364913,0,0,1,1,1,0,0
Keto Avocado Salad,0.9090909090909092,0.5872727272727273,0.66,0.4062018648923748,0.32741174845296,0.6689187413066446,0,0,1,1,1,0,0
Paleo Chicken Bowl,0.0909090909090909,0.72,0.8,0.3188112346499018,0.8706419983523171,0.3735931238356131,0,0,1,1,1,0,0
Gluten-Free Pasta,0.7272727272727273,0.1163636363636363,0.22,0.6129485449491916,0.5644120700491765,0.3783959425946084,0,0,0,0,1,0,0
Quinoa Salad,0.0,0.901818181818182,0.68,0.2284238247907205,0.0729361150408801,0.6040258706883551,1,1,0,0,0,1,0
Shrimp Zoodles,0.8181818181818182,0.0036363636363636,0.4,0.8677508521230597,0.5199433705042545,0.4783099141298698,0,0,1,1,1,0,0
Lentil Soup,0.3636363636363636,0.5509090909090909,0.72,0.2473203003865293,0.4774504596801904,0.3925042007504152,0,1,0,0,0,0,0
Paleo Chicken Bowl,0.0909090909090909,0.66,0.84,0.0183144212861236,0.1958264684098457,0.0011907298746317,0,0,1,1,1,0,0
Turkey Lettuce Wraps,0.3636363636363636,0.2236363636363636,0.28,0.2447196650105072,0.9289221232616868,0.0545099032127951,0,0,1,1,1,1,0
Tofu Stir Fry,0.4545454545454545,0.6054545454545455,0.06,0.2580821356943975,0.2851454566351463,0.3044133393353052,1,1,0,0,0,0,0
Turkey Lettuce Wraps,1.0,0.5272727272727272,0.14,0.3128930115417441,0.6114248656440545,0.718042321621821,0,0,1,1,1,1,0
Chickpea Stew,0.2727272727272727,0.1618181818181818,0.48,0.5251496710106573,0.1230886616791089,0.8629782473427602,1,1,0,0,0,0,0
Gluten-Free Pasta,0.5454545454545454,0.5654545454545454,0.96,0.5702108338318922,0.2567641389887943,0.9676965108288088,0,0,0,0,1,0,0
Vegan Buddha Bowl,0.4545454545454545,0.6981818181818182,0.86,0.0436235444739737,0.6342998437190821,0.9560385864268228,1,1,0,0,1,0,0
Keto Avocado Salad,0.8181818181818182,0.9454545454545454,0.28,0.6141036236059237,0.4116183032303112,0.8431957057947378,0,0,1,1,1,0,0
Vegan Curry,0.6363636363636364,0.0872727272727272,0.5,0.2569447608355851,0.3023762829807213,0.7340340661950591,1,1,0,0,0,0,0
Vegan Buddha Bowl,1.0,0.3018181818181818,0.18,0.8136711657615774,0.7681403651473315,0.1449895207416349,1,1,0,0,1,0,0
Cauliflower Rice Bowl,0.3636363636363636,0.8763636363636363,0.86,0.8672115274828336,0.2168410013644569,0.0903704653697427,1,1,0,1,1,0,0
Eggplant Parmesan,0.3636363636363636,0.76,0.54,0.2072322039951712,0.6391213570311884,0.2534193687294449,0,1,0,0,0,1,0
Tofu Stir Fry,0.7272727272727273,0.46,0.48,0.9928411601951702,0.1363390008039048,0.6967912209108647,1,1,0,0,0,0,0
Keto Omelette,0.8181818181818182,0.6781818181818182,0.76,0.7282219245196041,0.0154169864737666,0.3386075867015471,0,0,1,0,1,0,1
Shrimp Zoodles,0.1818181818181818,0.3945454545454545,0.74,0.5813423443475582,0.2744062801735085,0.0738852388175275,0,0,1,1,1,0,1
Vegan Curry,0.3636363636363636,0.64,0.7,0.1928399086240975,0.323740940155272,0.2228394005364392,1,1,0,0,0,0,0
Keto Avocado Salad,0.5454545454545454,0.9381818181818182,0.86,0.2348993291957961,0.5409261388329358,0.8838825240065178,0,0,1,1,1,0,0
Cauliflower Rice Bowl,0.1818181818181818,0.6909090909090909,0.04,0.1912895339031483,0.0520266119970443,0.3764299986450631,1,1,0,1,1,0,0
Paleo Chicken Bowl,0.0,0.6418181818181818,0.44,0.4675804201385541,0.0598497043755495,0.5623941671252722,0,0,1,1,1,0,0
Vegan Buddha Bowl,0.3636363636363636,0.8654545454545455,0.6,0.7586984394678645,0.1704627917826473,0.4077929774051419,1,1,0,0,1,0,0
Eggplant Parmesan,1.0,0.7254545454545455,0.22,0.9862584172413892,0.4756369787183261,0.3805270862134821,0,1,0,0,0,1,0
Greek Yogurt Parfait,0.6363636363636364,0.9381818181818182,0.38,0.9317447834772736,0.5408712167274969,0.845393027809948,0,1,0,0,0,1,0
Almond Flour Pancakes,0.4545454545454545,0.7363636363636363,0.34,0.791932226825624,0.8664169656286245,0.6091224427327976,0,1,1,1,1,0,0
Lentil Soup,0.4545454545454545,0.9072727272727272,0.66,0.0634210876388366,0.1175010184224422,0.223548472515465,0,1,0,0,0,0,0
Tofu Stir Fry,0.0909090909090909,0.6545454545454545,0.4,0.3480867029631787,0.2392126565914863,0.5092084787737138,1,1,0,0,0,0,0
Keto Omelette,0.2727272727272727,0.7381818181818182,0.5,0.6036636846285802,0.5165324562030712,0.9236538899353754,0,0,1,0,1,0,0
Grilled Salmon,0.4545454545454545,0.5727272727272728,0.72,0.3930371158941682,0.5019694940090529,0.3953504658165103,0,0,1,1,1,1,1
Paleo Chicken Bowl,0.0909090909090909,0.7781818181818182,0.68,0.6777512868784962,0.5333764771713068,0.7233751915109952,0,0,1,1,1,0,0
Keto Omelette,0.5454545454545454,0.9545454545454546,0.16,0.3241708502016707,0.022507507468016,0.1491243685593147,0,0,1,0,1,0,0
Keto Omelette,0.0909090909090909,0.3727272727272727,0.38,0.5759694339468351,0.9346326447607656,0.5754107556574528,0,0,1,0,1,0,0
Quinoa Salad,0.2727272727272727,0.1709090909090909,0.26,0.1399004152957948,0.9000768424413782,0.8325440164742837,1,1,0,0,0,1,0
Almond Flour Pancakes,0.1818181818181818,0.8763636363636363,0.8,0.8294223484858219,0.6675387394105975,0.1167215941165601,0,1,1,1,1,0,0
Chicken Stir Fry,0.2727272727272727,0.9745454545454544,0.28,0.9680441925054972,0.5504676967521718,0.9706255625559216,0,0,1,1,1,0,0
Tofu Stir Fry,0.2727272727272727,0.8109090909090909,0.1,0.0003225174335057,0.0172883990797953,0.6031199983452745,1,1,0,0,0,0,0
Greek Yogurt Parfait,0.1818181818181818,0.9381818181818182,0.36,0.1927546041190493,0.2118440161477393,0.4837928300177062,0,1,0,0,0,1,0
Cauliflower Rice Bowl,0.6363636363636364,0.84,0.16,0.4325331104803381,0.1706500820082677,0.0690398267463118,1,1,0,1,1,0,0
Shrimp Zoodles,0.1818181818181818,0.4763636363636364,0.3,0.6951543580441147,0.6191621669630155,0.6341137533829638,0,0,1,1,1,0,1
Vegan Curry,0.0,0.1818181818181818,0.76,0.2219236516508266,0.1737456849696429,0.656910599664804,1,1,0,0,0,0,0
Paleo Chicken Bowl,0.5454545454545454,0.1127272727272727,0.72,0.8911407956687971,0.4504719532662833,0.1904319199786002,0,0,1,1,1,0,0
Gluten-Free Pasta,0.9090909090909092,0.1654545454545454,0.42,0.8317714660920116,0.7350155111509118,0.7718164436693276,0,0,0,0,1,0,0
Chicken Stir Fry,0.9090909090909092,0.7345454545454545,0.74,0.2611343546710962,0.7617580419204824,0.1322483799336608,0,0,1,1,1,0,0
Gluten-Free Pasta,0.3636363636363636,0.1163636363636363,0.24,0.0121712597112222,0.2413641794565728,0.9807943814261582,0,0,0,0,1,0,0
Cauliflower Rice Bowl,0.3636363636363636,0.3127272727272727,0.62,0.4903450381140771,0.1095682880164293,0.5478896334265015,1,1,0,1,1,0,1
Almond Flour Pancakes,0.5454545454545454,0.9254545454545454,0.06,0.8690844008739147,0.2436464156414112,0.6528507737524311,0,1,1,1,1,0,0
Keto Omelette,0.7272727272727273,0.7909090909090909,0.56,0.4617920334226106,0.7865469498474593,0.8960281388017869,0,0,1,0,1,0,0
Keto Avocado Salad,0.0,0.2163636363636363,0.16,0.947656165671352,0.81047389247151,0.0708477129765277,0,0,1,1,1,0,0
Quinoa Salad,0.8181818181818182,0.4381818181818182,0.78,0.4638331471020711,0.6383601308575457,0.6605831865179848,1,1,0,0,0,1,1
Vegan Curry,0.0,0.1418181818181818,0.32,0.066982270729758,0.5192679128121817,0.1454599769734824,1,1,0,0,0,0,0
Lentil Soup,0.0,0.1563636363636363,0.72,0.0480644978046443,0.0376735774077345,0.7484494350019799,0,1,0,0,0,0,0
Quinoa Salad,0.1818181818181818,0.74,0.68,0.0121588972063141,0.9584630853168404,0.7396490874645864,1,1,0,0,0,1,0
Shrimp Zoodles,0.2727272727272727,0.7909090909090909,0.28,0.9471377681276222,0.7853701305256846,0.3525192952505224,0,0,1,1,1,0,0
Mediterranean Wrap,0.3636363636363636,0.6345454545454545,0.62,0.0690536345390275,0.4249200891117047,0.0771208328883549,0,0,0,0,0,1,0
Eggplant Parmesan,1.0,0.610909090909091,0.6,0.7864873735894186,0.2279715416794236,0.9809128417130796,0,1,0,0,0,1,0
Turkey Lettuce Wraps,0.0909090909090909,0.6927272727272727,0.06,0.7785959533370279,0.6450797649409056,0.5300263515993732,0,0,1,1,1,1,0
Cauliflower Rice Bowl,0.8181818181818182,0.2690909090909091,0.7,0.2943125177374368,0.9819910402722352,0.6024405920113671,1,1,0,1,1,0,0
Eggplant Parmesan,1.0,0.4090909090909091,0.2,0.0439482949646105,0.1106427469826788,0.5990515090545424,0,1,0,0,0,1,0
Keto Avocado Salad,0.7272727272727273,0.8854545454545455,0.26,0.4416474404937563,0.6140372183609131,0.9476139637686422,0,0,1,1,1,0,0
Almond Flour Pancakes,0.3636363636363636,0.3109090909090909,0.62,0.498580866990749,0.0123029726592269,0.9975289413160634,0,1,1,1,1,0,0
Gluten-Free Pasta,0.0,0.4218181818181818,0.92,0.2535233208126554,0.756496949194381,0.4594501199786014,0,0,0,0,1,0,0
Vegan Curry,0.6363636363636364,0.4309090909090909,0.12,0.1815093530539355,0.0535497642964177,0.3173321334796756,1,1,0,0,0,0,0
Grilled Salmon,0.7272727272727273,0.9690909090909092,0.54,0.0433835223885402,0.1647854266975672,0.1268046933924533,0,0,1,1,1,1,0
Turkey Lettuce Wraps,0.2727272727272727,0.5127272727272727,0.98,0.2145949840333308,0.506681007415468,0.844047247424832,0,0,1,1,1,1,0
Tofu Stir Fry,0.4545454545454545,0.7636363636363637,0.64,0.5109567393543705,0.2978528847472119,0.5651511260494595,1,1,0,0,0,0,0
Gluten-Free Pasta,1.0,0.6654545454545454,0.48,0.7650143920052144,0.1600303169171523,0.4604799691207951,0,0,0,0,1,0,0
Eggplant Parmesan,0.6363636363636364,0.2327272727272727,0.86,0.7301767653744166,0.9938604386771728,0.0938744024685745,0,1,0,0,0,1,0
Vegetarian Pizza,0.0909090909090909,0.8909090909090909,0.48,0.5579208376740659,0.7344710607723614,0.6167089366664179,0,1,0,0,0,0,0
Chicken Stir Fry,0.7272727272727273,0.2018181818181818,0.24,0.5414474787862523,0.5250335256182292,0.8514776676760424,0,0,1,1,1,0,0
Lentil Soup,0.0,0.0236363636363636,0.66,0.762556701482411,0.6796410371128151,0.7586241282441611,0,1,0,0,0,0,0
Paleo Chicken Bowl,0.6363636363636364,0.3818181818181818,0.72,0.1253421449129906,0.3859012007241793,0.6444079780601201,0,0,1,1,1,0,0
Vegetarian Pizza,0.6363636363636364,0.4109090909090909,0.5,0.3935225284683972,0.4132156815687904,0.697270336556688,0,1,0,0,0,0,1
Vegetarian Pizza,0.4545454545454545,0.34,0.88,0.0934559868651806,0.5892376889569326,0.4801218137818279,0,1,0,0,0,0,0
Shrimp Zoodles,0.1818181818181818,0.6090909090909091,0.06,0.0530631500609811,0.4873775506871537,0.5998986649605421,0,0,1,1,1,0,0
Greek Yogurt Parfait,1.0,0.1072727272727272,0.36,0.5008000368000607,0.0768081841538892,0.0527734242132862,0,1,0,0,0,1,0
Tofu Stir Fry,1.0,0.9836363636363636,0.74,0.2109067887231843,0.8267619599021406,0.5199041070596282,1,1,0,0,0,0,0
Tofu Stir Fry,0.2727272727272727,0.6345454545454545,0.96,0.4362341887533982,0.0883793629788169,0.2167244585896027,1,1,0,0,0,0,1
Turkey Lettuce Wraps,0.9090909090909092,0.2127272727272727,0.88,0.1743583316750873,0.6387128032584859,0.4954924997187004,0,0,1,1,1,1,0
Turkey Lettuce Wraps,0.9090909090909092,0.7236363636363636,0.1,0.9961992106602124,0.7486549351576989,0.7421560142895715,0,0,1,1,1,1,0
Eggplant Parmesan,0.3636363636363636,0.9163636363636364,0.18,0.3362156354178233,0.0258186977105792,0.0180135505598374,0,1,0,0,0,1,0
Tofu Stir Fry,0.4545454545454545,0.7727272727272727,0.68,0.4318492554427304,0.8744812547271078,0.8452921371682424,1,1,0,0,0,0,0
Mediterranean Wrap,0.2727272727272727,0.0872727272727272,0.4,0.4605256885683151,0.4837396341934973,0.1285763154331801,0,0,0,0,0,1,0
Vegan Buddha Bowl,0.5454545454545454,0.5345454545454545,0.98,0.9140436643753604,0.7817313887825754,0.0006508348550372,1,1,0,0,1,0,0
Keto Avocado Salad,0.4545454545454545,0.66,0.6,0.9273444149867824,0.4728037618002592,0.0070985865011286,0,0,1,1,1,0,0
Lentil Soup,0.8181818181818182,0.7509090909090909,0.42,0.2630365380485231,0.2471560508282201,0.9103632844893156,0,1,0,0,0,0,0
Vegetarian Pizza,0.4545454545454545,0.3709090909090909,0.1,0.0656897911605775,0.4883535305290169,0.027545267518901,0,1,0,0,0,0,0
Almond Flour Pancakes,0.0909090909090909,0.4527272727272727,0.84,0.1399480046831515,0.5333158147049335,0.409429593747986,0,1,1,1,1,0,0
Gluten-Free Pasta,0.4545454545454545,0.7236363636363636,0.34,0.7361944954631969,0.549255704092859,0.1230205047280537,0,0,0,0,1,0,1
Eggplant Parmesan,0.5454545454545454,0.7727272727272727,0.5,0.4209300321137098,0.2603681876214226,0.7328837023118898,0,1,0,0,0,1,0
Cauliflower Rice Bowl,0.3636363636363636,0.2363636363636363,0.44,0.1991021781119362,0.5663081539227727,0.4628826795921585,1,1,0,1,1,0,0
Lentil Soup,0.7272727272727273,0.8072727272727273,0.8,0.022136506110072,0.7213749505751941,0.416404329059599,0,1,0,0,0,0,0
Gluten-Free Pasta,0.4545454545454545,0.5236363636363637,0.32,0.9855351735985294,0.2275375312082517,0.4022288581232867,0,0,0,0,1,0,0
Grilled Salmon,0.7272727272727273,0.7672727272727272,0.42,0.5516425016443861,0.6139976975837129,0.2223241096786036,0,0,1,1,1,1,0
Chicken Stir Fry,0.0,0.9381818181818182,0.02,0.6675835005036442,0.2161900213644036,0.0922399715668607,0,0,1,1,1,0,0
Eggplant Parmesan,0.1818181818181818,0.1545454545454545,0.22,0.0625808721395326,0.5133476877409286,0.8093478252238645,0,1,0,0,0,1,0
Vegetarian Pizza,0.1818181818181818,0.44,0.96,0.2023850828169563,0.2588273661333751,0.1601668691513298,0,1,0,0,0,0,0
Vegan Buddha Bowl,0.2727272727272727,0.3872727272727272,0.28,0.2059206195468682,0.8795939083599572,0.8833794925003641,1,1,0,0,1,0,0
Shrimp Zoodles,0.9090909090909092,0.6909090909090909,0.8,0.5630442959149006,0.7521736817923087,0.5580277544673854,0,0,1,1,1,0,0
Chicken Stir Fry,0.7272727272727273,0.46,0.04,0.9138728062005028,0.539612727263751,0.4971578212981714,0,0,1,1,1,0,0
Paleo Chicken Bowl,0.5454545454545454,0.7909090909090909,0.44,0.8263088509641267,0.3809328612557146,0.7781969548394676,0,0,1,1,1,0,0
Greek Yogurt Parfait,0.9090909090909092,0.9145454545454546,0.22,0.5260026149549113,0.287416209329012,0.7956406116559768,0,1,0,0,0,1,0
Vegan Buddha Bowl,0.3636363636363636,0.1290909090909091,0.16,0.3979901046222946,0.9169476067512656,0.5327848856978857,1,1,0,0,1,0,0
Vegetarian Pizza,1.0,0.8490909090909091,0.1,0.7973190824706838,0.3171144313775129,0.8607156278122761,0,1,0,0,0,0,0
Keto Omelette,0.9090909090909092,0.0709090909090909,0.74,0.1414216829915096,0.2020798387770809,0.179912986193198,0,0,1,0,1,0,0
Mediterranean Wrap,1.0,0.4709090909090909,0.58,0.6184428061973872,0.0832301004835847,0.8862470630185001,0,0,0,0,0,1,0
Lentil Soup,0.9090909090909092,0.0272727272727272,0.0,0.4198923964170147,0.98614144194179,0.6692491636216485,0,1,0,0,0,0,0
Tofu Stir Fry,0.0909090909090909,0.4709090909090909,0.54,0.8864403485339702,0.4281209209812109,0.1576650811428893,1,1,0,0,0,0,0
Mediterranean Wrap,0.7272727272727273,0.2363636363636363,0.64,0.0295031026395288,0.824584275363672,0.2057388121431509,0,0,0,0,0,1,0
Mediterranean Wrap,0.1818181818181818,0.8636363636363636,0.56,0.2979990778298272,0.92007337950215,0.1055796855170571,0,0,0,0,0,1,0
Lentil Soup,0.7272727272727273,0.7163636363636363,0.02,0.8258401961482487,0.4599763450091991,0.3555106847541163,0,1,0,0,0,0,1
Chicken Stir Fry,0.4545454545454545,0.2363636363636363,0.22,0.3369159684147941,0.1737547050715595,0.7138574246613558,0,0,1,1,1,0,1
Quinoa Salad,0.3636363636363636,0.990909090909091,0.8,0.74345411609154,0.1912975390475695,0.6144751544064216,1,1,0,0,0,1,0
Eggplant Parmesan,0.4545454545454545,0.4945454545454545,0.08,0.8103199671086623,0.8454154140203527,0.2504764702199784,0,1,0,0,0,1,0
Quinoa Salad,0.2727272727272727,0.4927272727272727,0.66,0.3267601028459535,0.6876094009462712,0.0639929810458609,1,1,0,0,0,1,0
Gluten-Free Pasta,0.4545454545454545,0.3636363636363636,0.38,0.2283332924912375,0.8387023720434846,0.2760727554849069,0,0,0,0,1,0,0
Keto Omelette,0.2727272727272727,0.8018181818181818,0.48,0.2166238414208927,0.3608402679743517,0.0628439941054266,0,0,1,0,1,0,0
Shrimp Zoodles,0.2727272727272727,0.8345454545454546,0.32,0.7699829902894465,0.7899863776561707,0.6662798382116086,0,0,1,1,1,0,0
Cauliflower Rice Bowl,0.1818181818181818,0.4545454545454545,0.52,0.5633039939705096,0.1108247105029418,0.4458089120483003,1,1,0,1,1,0,1
Paleo Chicken Bowl,0.2727272727272727,0.9090909090909092,0.14,0.1294980107602894,0.4133553202937991,0.8052513129722028,0,0,1,1,1,0,0
Almond Flour Pancakes,0.0,0.509090909090909,0.78,0.7436881304972642,0.9199416014908628,0.2768428744341875,0,1,1,1,1,0,0
Eggplant Parmesan,0.7272727272727273,0.149090909090909,0.9,0.91543071324771,0.7554142078030619,0.8078335281694833,0,1,0,0,0,1,0
Almond Flour Pancakes,0.5454545454545454,0.1127272727272727,0.16,0.3063027724296929,0.8310366809632204,0.2783440486832383,0,1,1,1,1,0,0
Turkey Lettuce Wraps,0.2727272727272727,0.7218181818181818,0.74,0.1208523996972777,0.0680689166055989,0.2599263162687328,0,0,1,1,1,1,0
Keto Avocado Salad,0.0,0.6818181818181818,0.48,0.8287529727895017,0.0739836922873808,0.2225309367112205,0,0,1,1,1,0,0
Shrimp Zoodles,0.7272727272727273,0.1218181818181818,0.54,0.856624289055099,0.6690403037326893,0.5936795763821184,0,0,1,1,1,0,0
Keto Avocado Salad,0.6363636363636364,0.2290909090909091,0.3,0.2407271613552453,0.7961327322840823,0.0286142572675905,0,0,1,1,1,0,0
Keto Omelette,0.9090909090909092,0.8963636363636364,0.98,0.5762789302622461,0.660038107097584,0.2487893970791651,0,0,1,0,1,0,0
Mediterranean Wrap,0.1818181818181818,0.3636363636363636,0.16,0.672621562256887,0.8309285441414306,0.8827695059681769,0,0,0,0,0,1,0
Quinoa Salad,0.6363636363636364,0.5454545454545454,0.44,0.4326238061862492,0.317299807147907,0.4332040211962553,1,1,0,0,0,1,1
Turkey Lettuce Wraps,0.7272727272727273,0.0454545454545454,0.56,0.1714453014070645,0.9500488987638172,0.4439783783193464,0,0,1,1,1,1,0
Greek Yogurt Parfait,0.2727272727272727,0.8254545454545454,0.54,0.104747781046269,0.3850344709819441,0.4868940623117045,0,1,0,0,0,1,0
Lentil Soup,0.0909090909090909,0.2927272727272727,0.52,0.7473968545375592,0.5070954135674978,0.6350388228529321,0,1,0,0,0,0,0
Paleo Chicken Bowl,0.4545454545454545,0.4745454545454545,0.5,0.9120233256505634,0.2390134851405244,0.4686585512476345,0,0,1,1,1,0,0
Tofu Stir Fry,0.0,0.769090909090909,0.26,0.6139016751235908,0.2809452332109036,0.2029462505306323,1,1,0,0,0,0,0
Tofu Stir Fry,0.4545454545454545,0.0872727272727272,0.9,0.0497390776450724,0.8349689523522057,0.8473064032433406,1,1,0,0,0,0,0
Quinoa Salad,0.8181818181818182,0.6181818181818182,0.96,0.2196190941910488,0.3973508882611163,0.0384450915735596,1,1,0,0,0,1,0
Keto Avocado Salad,0.7272727272727273,0.6236363636363637,0.72,0.2860104104034287,0.8198205472643568,0.5313388128752256,0,0,1,1,1,0,0
Gluten-Free Pasta,0.5454545454545454,0.0727272727272727,0.76,0.4960667772091106,0.7035810378726826,0.99793506153843,0,0,0,0,1,0,0
Tofu Stir Fry,0.0,0.3036363636363636,0.86,0.7335927938775287,0.8840335238369355,0.6723074248864583,1,1,0,0,0,0,0
Tofu Stir Fry,1.0,0.8072727272727273,0.94,0.2982381578702071,0.719792170055379,0.9586990412588936,1,1,0,0,0,0,0
Mediterranean Wrap,0.6363636363636364,0.2763636363636363,0.52,0.0021029414384954,0.7189329093659477,0.8328021438646471,0,0,0,0,0,1,0
Chickpea Stew,0.2727272727272727,0.5872727272727273,0.58,0.8044490008194399,0.6638872061396418,0.08690070285217,1,1,0,0,0,0,1
Turkey Lettuce Wraps,1.0,0.1509090909090909,0.96,0.0713602390299465,0.0799377702029239,0.3524484096678023,0,0,1,1,1,1,0
Gluten-Free Pasta,0.0909090909090909,0.1890909090909091,0.18,0.363764944008534,0.5947099412973055,0.0037889914200138,0,0,0,0,1,0,0
Cauliflower Rice Bowl,0.1818181818181818,0.2127272727272727,0.16,0.6157042725110152,0.8754520330722396,0.7259559301417543,1,1,0,1,1,0,0
Chicken Stir Fry,0.4545454545454545,0.7018181818181818,0.3,0.9963367073297088,0.8216310495899709,0.6965259829023478,0,0,1,1,1,0,0
Lentil Soup,0.1818181818181818,0.4254545454545455,0.0,0.0848136185625982,0.3999292578502584,0.9142885912894042,0,1,0,0,0,0,0
Chickpea Stew,0.7272727272727273,0.5054545454545455,0.46,0.6556262068098219,0.8472871461635026,0.6941085681837245,1,1,0,0,0,0,0
Cauliflower Rice Bowl,0.2727272727272727,0.7781818181818182,0.16,0.3078731909427956,0.7905255469219146,0.4451654670750133,1,1,0,1,1,0,0
Chicken Stir Fry,0.1818181818181818,0.3527272727272727,0.54,0.5822262926678166,0.7608168834942004,0.0935663695497223,0,0,1,1,1,0,0
Grilled Salmon,0.8181818181818182,0.2127272727272727,0.7,0.3949784865724608,0.5266911121043794,0.5111884434354939,0,0,1,1,1,1,1
Mediterranean Wrap,0.5454545454545454,0.3545454545454545,0.72,0.8946515337597185,0.3463034406661589,0.1498007635272502,0,0,0,0,0,1,0
Vegetarian Pizza,1.0,0.76,0.84,0.387842342584187,0.7932675249830488,0.5964791213286467,0,1,0,0,0,0,0
Chickpea Stew,0.4545454545454545,0.5890909090909091,0.14,0.3664523976265269,0.2179966546825253,0.9930984325258504,1,1,0,0,0,0,0
Quinoa Salad,0.2727272727272727,0.7872727272727272,0.08,0.2296471880988052,0.9794664956521184,0.5316557079291245,1,1,0,0,0,1,0
Tofu Stir Fry,0.2727272727272727,0.28,0.9,0.0311028995191661,0.3885186439272931,0.1554308559014426,1,1,0,0,0,0,0
Cauliflower Rice Bowl,0.4545454545454545,0.2254545454545454,0.28,0.4903421767763911,0.1299309550804532,0.8387635458193146,1,1,0,1,1,0,0
Mediterranean Wrap,0.8181818181818182,0.2236363636363636,0.72,0.4764263844779022,0.4448007905297643,1.0,0,0,0,0,0,1,0
Keto Avocado Salad,0.0,0.1381818181818181,0.92,0.1523502250378603,0.0305715572703442,0.9756029337101972,0,0,1,1,1,0,0
Vegan Buddha Bowl,0.3636363636363636,0.2981818181818181,0.8,0.5565403278671216,0.5426232942428254,0.7643270253777892,1,1,0,0,1,0,0
Greek Yogurt Parfait,0.1818181818181818,0.6418181818181818,0.62,0.7126392664490679,0.1771726116103672,0.5069040327212027,0,1,0,0,0,1,1
Lentil Soup,0.3636363636363636,0.5436363636363636,0.2,0.5605581750964954,0.3477065388704494,0.5807768661322625,0,1,0,0,0,0,1
Keto Omelette,0.0909090909090909,0.2509090909090909,0.7,0.4038282293056161,0.9959040028575068,0.8841209471113769,0,0,1,0,1,0,0
Vegan Curry,0.4545454545454545,0.2981818181818181,0.76,0.3971531033268113,0.0391148778095607,0.4746316715796083,1,1,0,0,0,0,1
Vegan Buddha Bowl,0.4545454545454545,0.1145454545454545,0.52,0.914108413772966,0.7235155163430464,0.5331468195539214,1,1,0,0,1,0,0
Lentil Soup,0.4545454545454545,0.7163636363636363,0.76,0.1254494496315704,0.7957641915859711,0.2725233177230435,0,1,0,0,0,0,0
Shrimp Zoodles,0.8181818181818182,0.9509090909090908,0.1,0.1495475974886736,0.4633953300095701,0.9859676414966104,0,0,1,1,1,0,0
Lentil Soup,0.2727272727272727,0.4127272727272727,0.74,0.5251125866282838,0.563683012758244,0.4399090691056634,0,1,0,0,0,0,1
Grilled Salmon,0.7272727272727273,0.9054545454545454,0.98,0.7294276903431457,0.8962581922362428,0.4548367156063287,0,0,1,1,1,1,0
Greek Yogurt Parfait,0.2727272727272727,0.6618181818181819,0.68,0.2014912542764565,0.1090951126071655,0.8574608166355506,0,1,0,0,0,1,0
Chickpea Stew,0.0,0.2654545454545454,0.74,0.2573493932993352,0.0304235910007748,0.9764030460373598,1,1,0,0,0,0,0
Eggplant Parmesan,0.0909090909090909,0.8709090909090909,0.42,0.691238358378846,0.724080656335625,0.6941486349370793,0,1,0,0,0,1,0
Vegetarian Pizza,0.3636363636363636,0.3690909090909091,0.02,0.3351060054923517,0.734450904036062,0.5282822219222485,0,1,0,0,0,0,0
Turkey Lettuce Wraps,0.1818181818181818,0.0327272727272727,0.98,0.6802816940496038,0.8301089882778431,0.2915950022645017,0,0,1,1,1,1,0
Gluten-Free Pasta,0.1818181818181818,0.1163636363636363,0.7,0.8384120598687413,0.7418945197116527,0.1380559101249965,0,0,0,0,1,0,0
Vegan Curry,0.6363636363636364,0.34,0.16,0.770034408981071,0.8476050202929075,0.6142998286911029,1,1,0,0,0,0,0
Vegan Curry,0.5454545454545454,0.48,0.66,0.0780359809004911,0.4081240986466661,0.4053939578715044,1,1,0,0,0,0,0
Paleo Chicken Bowl,0.9090909090909092,0.6436363636363637,0.14,0.1115558240013082,0.8098240105044223,0.952279940899913,0,0,1,1,1,0,0
Chicken Stir Fry,0.1818181818181818,0.2218181818181818,0.74,0.3010907538338118,0.0766114868469107,0.5000023730384874,0,0,1,1,1,0,1
Vegetarian Pizza,1.0,0.649090909090909,0.02,0.0732641269508191,0.4034426059222881,0.292273926536455,0,1,0,0,0,0,0
Chicken Stir Fry,0.5454545454545454,0.8181818181818182,0.14,0.2940039974777768,0.1522688003362984,0.2628118086953412,0,0,1,1,1,0,0
Gluten-Free Pasta,0.3636363636363636,0.5818181818181818,0.32,0.6437499863961706,0.9809993382341448,0.604070892355573,0,0,0,0,1,0,0
Greek Yogurt Parfait,0.7272727272727273,0.509090909090909,0.42,0.1887947909224208,0.7211578195564982,0.8705835961038274,0,1,0,0,0,1,0
Vegetarian Pizza,0.8181818181818182,0.8781818181818182,0.14,0.5574910428146674,0.6382492128734508,0.5259557532430909,0,1,0,0,0,0,0
Cauliflower Rice Bowl,1.0,0.0945454545454545,0.46,0.2914459696572787,0.5642616964165755,0.1148922879591794,1,1,0,1,1,0,0
Vegan Curry,0.0909090909090909,0.02,0.6,0.2857207230582678,0.133721043653935,0.6304394674655416,1,1,0,0,0,0,0
Grilled Salmon,0.7272727272727273,0.8,0.6,0.189997602034095,0.784542013601912,0.7169173982466448,0,0,1,1,1,1,0
Paleo Chicken Bowl,0.0,0.6218181818181818,0.46,0.8436325998793893,0.0033856346645492,0.2432420673871514,0,0,1,1,1,0,0
Grilled Salmon,0.7272727272727273,0.2472727272727272,0.52,0.8709816738071544,0.5728033572860084,0.9113195492521772,0,0,1,1,1,1,0
Greek Yogurt Parfait,0.1818181818181818,0.32,0.1,0.3792419991151255,0.9660591595579008,0.0838705034731321,0,1,0,0,0,1,0
Quinoa Salad,1.0,0.3163636363636363,0.44,0.255523894942458,0.8772692248947627,0.178478851047451,1,1,0,0,0,1,0
Lentil Soup,0.9090909090909092,0.82,0.92,0.9488132350861902,0.2692005858351676,0.4744906158668941,0,1,0,0,0,0,0
Greek Yogurt Parfait,1.0,0.5309090909090909,0.82,0.1053340353673966,0.4993808001517936,0.38315117611442,0,1,0,0,0,1,0
Keto Avocado Salad,0.1818181818181818,0.5490909090909091,0.94,0.2099425968176156,0.369190567061157,0.3676657983333632,0,0,1,1,1,0,0
Gluten-Free Pasta,0.7272727272727273,0.0218181818181818,0.34,0.5548897830920791,0.4163993281291109,0.7215863188500473,0,0,0,0,1,0,0
Keto Avocado Salad,0.7272727272727273,0.3,0.2,0.7342321089317557,0.6488982618147001,0.7990662789301628,0,0,1,1,1,0,0
Tofu Stir Fry,0.0909090909090909,0.4763636363636364,0.7,0.7423747646903558,0.3159772452475798,0.645892515770933,1,1,0,0,0,0,0
Vegan Curry,0.4545454545454545,0.7945454545454546,0.0,0.8947701063844825,0.2876885308751555,0.3656148874090484,1,1,0,0,0,0,0
Chickpea Stew,0.4545454545454545,0.0963636363636363,0.18,0.5465837538925329,0.0996740891863819,0.6896083067932716,1,1,0,0,0,0,0
Tofu Stir Fry,0.3636363636363636,0.1836363636363636,0.46,0.8425539619035296,0.7107231561527302,0.9534513749394644,1,1,0,0,0,0,0
Keto Omelette,0.7272727272727273,0.7018181818181818,0.92,0.3319252285819353,0.9079007283900724,0.2633249077962175,0,0,1,0,1,0,0
Grilled Salmon,0.7272727272727273,0.6854545454545454,0.5,0.6810063612162214,0.3122042943088713,0.7765575835609418,0,0,1,1,1,1,0
Turkey Lettuce Wraps,0.0,0.1872727272727272,0.54,0.98100907451734,0.1254220760383058,0.0106849684056868,0,0,1,1,1,1,0
Turkey Lettuce Wraps,0.7272727272727273,0.7636363636363637,0.1,0.4377300828139336,0.3324906936849837,0.3393295909108644,0,0,1,1,1,1,0
Gluten-Free Pasta,0.2727272727272727,0.02,0.3,0.5709951294382687,0.6642309014404634,0.548317108538229,0,0,0,0,1,0,0
Vegan Buddha Bowl,0.1818181818181818,0.8290909090909091,0.62,0.903158521316854,0.7847242467467933,0.7830167900570549,1,1,0,0,1,0,0
Vegan Curry,0.4545454545454545,0.1054545454545454,0.06,0.9040577185216988,0.7114775132972248,0.941850119171866,1,1,0,0,0,0,0
Chicken Stir Fry,1.0,0.3709090909090909,0.28,0.0600111397974923,0.6728875535359541,0.5825383308940605,0,0,1,1,1,0,0
Vegan Curry,0.7272727272727273,0.7872727272727272,0.2,0.9676956522857356,0.0753512907702673,0.3634850958935142,1,1,0,0,0,0,0
Lentil Soup,0.5454545454545454,0.6563636363636364,0.5,0.8515288475212986,0.3154957326601652,0.2729985529099124,0,1,0,0,0,0,1
Tofu Stir Fry,0.3636363636363636,0.8272727272727273,0.78,0.911059204157201,0.1638492862803858,0.6438553422185337,1,1,0,0,0,0,0
Quinoa Salad,0.0,0.1836363636363636,0.46,0.728688624996584,0.5397242180443332,0.0548756553431955,1,1,0,0,0,1,0
Shrimp Zoodles,0.0909090909090909,0.0072727272727272,0.38,0.6341467211882365,0.4483554201703844,0.129380464063427,0,0,1,1,1,0,0
Cauliflower Rice Bowl,0.4545454545454545,0.0254545454545454,0.62,0.5031599703487366,0.6808856693654993,0.0706679997967165,1,1,0,1,1,0,0
Paleo Chicken Bowl,0.4545454545454545,0.8090909090909091,0.34,0.5496533335592941,0.1803175112795756,0.4574859231563916,0,0,1,1,1,0,0
Keto Omelette,0.4545454545454545,0.1672727272727272,0.14,0.2102468912821526,0.0496608299015068,0.8470282481395934,0,0,1,0,1,0,0
Eggplant Parmesan,0.9090909090909092,0.6036363636363636,0.98,0.8581531393331464,0.242141802975573,0.9653697888897106,0,1,0,0,0,1,0
Eggplant Parmesan,0.2727272727272727,0.4563636363636363,0.94,0.408748611355361,0.9549729526018668,0.5221734071343117,0,1,0,0,0,1,0
Lentil Soup,0.9090909090909092,0.6472727272727272,0.48,0.9240921625864834,0.1760944529237696,0.2099919326903527,0,1,0,0,0,0,0
Cauliflower Rice Bowl,0.8181818181818182,0.7072727272727273,0.06,0.8336347071157487,0.7335199856511583,0.352721320370702,1,1,0,1,1,0,0
Chickpea Stew,0.9090909090909092,0.4436363636363636,0.3,0.982309797877265,0.7587709322576884,0.1570965577169331,1,1,0,0,0,0,0
Vegan Curry,0.2727272727272727,0.8981818181818182,0.58,0.6438898415637117,0.6678330710032796,0.1581368577620303,1,1,0,0,0,0,0
Cauliflower Rice Bowl,0.4545454545454545,0.1672727272727272,0.42,0.6061463283857496,0.8370649699396547,0.7871086955614631,1,1,0,1,1,0,0
Vegetarian Pizza,0.9090909090909092,0.3072727272727272,0.78,0.8523808465320688,0.7302506193139452,0.0900515102808505,0,1,0,0,0,0,0
Mediterranean Wrap,0.9090909090909092,0.6327272727272727,0.04,0.8992206158902493,0.0,0.9054349877043224,0,0,0,0,0,1,0
Chicken Stir Fry,0.1818181818181818,0.2327272727272727,0.62,0.5153388054929389,0.4823165322896571,0.6363940601746246,0,0,1,1,1,0,1
Almond Flour Pancakes,0.3636363636363636,0.6509090909090909,0.52,0.2769498042285047,0.62316008450624,0.9975561437887204,0,1,1,1,1,0,0
Almond Flour Pancakes,0.3636363636363636,0.1636363636363636,0.34,0.6599878931533336,0.2405596163665239,0.1873670220600603,0,1,1,1,1,0,0
Tofu Stir Fry,0.2727272727272727,0.4818181818181818,0.2,0.7556170658139431,0.2288256762792972,0.9610126784362916,1,1,0,0,0,0,0
Chicken Stir Fry,0.6363636363636364,0.4636363636363636,0.2,0.5662027999843512,0.4281330949291365,0.3236839550459865,0,0,1,1,1,0,1
Greek Yogurt Parfait,0.1818181818181818,0.1963636363636363,0.12,0.898669307069229,0.948392937480892,0.8965071999160024,0,1,0,0,0,1,0
Shrimp Zoodles,0.2727272727272727,0.1509090909090909,0.28,0.5472873862830383,0.2045312061031885,0.2518262320697007,0,0,1,1,1,0,0
Eggplant Parmesan,0.1818181818181818,0.2018181818181818,0.76,0.0329662428828537,0.6371982079470355,0.3621431158504379,0,1,0,0,0,1,0
Turkey Lettuce Wraps,0.1818181818181818,0.7636363636363637,0.0,0.4115006591084428,0.8124740295287396,0.8391132689199655,0,0,1,1,1,1,0
Vegan Buddha Bowl,0.0909090909090909,0.9727272727272728,0.46,0.6579973469375324,0.1515324383820531,0.8796375847323568,1,1,0,0,1,0,0
Almond Flour Pancakes,0.5454545454545454,0.46,0.8,0.0,0.4171695882531145,0.522143527033068,0,1,1,1,1,0,0
Mediterranean Wrap,0.7272727272727273,0.7090909090909091,0.76,0.3057475629952056,0.3042630266198241,0.226643513859673,0,0,0,0,0,1,1
Greek Yogurt Parfait,0.4545454545454545,0.0672727272727272,1.0,0.6664369259003049,0.7433182864791121,0.8518596591953176,0,1,0,0,0,1,0
Cauliflower Rice Bowl,0.3636363636363636,0.9745454545454544,0.94,0.8209578463473794,0.1816268282588099,0.3688067027342634,1,1,0,1,1,0,0
Turkey Lettuce Wraps,0.4545454545454545,1.0,0.3,0.7581058547681316,0.3937401841343367,0.5910657078579209,0,0,1,1,1,1,0
Chickpea Stew,0.9090909090909092,0.3654545454545455,0.62,0.1681679669517568,0.7821510956845233,0.5841205917831198,1,1,0,0,0,0,0
Grilled Salmon,0.8181818181818182,0.9163636363636364,0.32,0.6046281530333097,0.2968618594780642,0.7162956763198377,0,0,1,1,1,1,0
Mediterranean Wrap,0.4545454545454545,0.3454545454545454,0.48,0.1729603516771479,0.974421721022524,0.447587517572718,0,0,0,0,0,1,0
Chicken Stir Fry,0.6363636363636364,0.1727272727272727,0.76,0.4640730507134125,0.9228669090221766,0.6962356900126607,0,0,1,1,1,0,0
Gluten-Free Pasta,0.7272727272727273,0.7581818181818182,0.8,0.1962304917611177,0.3457665853799532,0.3330641118812302,0,0,0,0,1,0,0
Almond Flour Pancakes,0.3636363636363636,0.9345454545454546,0.32,0.7047551647787228,0.7284413999233444,0.5621675330351098,0,1,1,1,1,0,0
Quinoa Salad,0.0,0.86,0.28,0.5092601825134883,0.3877672702091349,0.9106846189515578,1,1,0,0,0,1,0
Chickpea Stew,0.1818181818181818,0.0763636363636363,0.68,0.0114648632063673,0.7050256755906789,0.9751122330110752,1,1,0,0,0,0,0
Vegan Buddha Bowl,0.6363636363636364,0.5709090909090909,0.56,0.8213083105608248,0.547360682458646,0.9718528244091178,1,1,0,0,1,0,0
Greek Yogurt Parfait,0.3636363636363636,0.3490909090909091,0.08,0.722127917778137,0.8643660997968232,0.1748858060396185,0,1,0,0,0,1,0
Sri Lankan Red Rice & Dhal Curry,0.4,0.35,0.3,0.45,0.2,0.7,1,1,0,0,1,0,1
Pol Sambol & String Hoppers,0.3,0.3,0.2,0.3,0.4,0.6,1,1,0,0,1,0,1
Sri Lankan Fish Curry & Red Rice,0.5,0.4,0.4,0.75,0.25,0.65,0,0,0,0,1,1,1
Gotukola Sambol & Steamed Egg,0.2,0.2,0.15,0.5,0.3,0.2,0,1,0,1,1,0,1
Kolla Kenda (Herbal Porridge),0.2,0.15,0.2,0.3,0.1,0.5,1,1,0,0,1,0,1
